transaction_id,date,product_id,outlet_id,distributor_id,qty_sold,sell_in_value,sell_out_value,stock_available
1,2025-11-29,3,100,11,11,180149,174458,102
2,2025-01-11,20,20,4,33,2036259,1840728,288
3,2025-04-22,15,90,5,95,753758,670358,493
4,2025-02-28,25,105,3,80,503399,444550,475
5,2025-06-09,19,87,7,102,881855,676805,353
6,2025-11-18,8,14,12,78,2919990,2593227,61
7,2025-10-17,26,6,6,137,1846747,1666042,35
8,2025-09-17,21,44,1,108,2106054,1630662,491
9,2025-07-05,21,115,8,40,1876565,1483446,267
10,2025-11-30,9,79,9,124,1999821,1700212,374
11,2025-10-31,9,42,4,23,1219909,1162299,124
12,2025-08-26,19,79,11,98,1460949,1105355,435
13,2025-06-16,6,63,4,91,1133608,938942,450
14,2025-11-02,23,113,5,143,92576,80432,97
15,2025-02-13,8,93,7,126,2378577,2198703,353
16,2025-09-01,21,92,8,115,122323,94360,113
17,2025-07-27,23,32,5,149,1597783,1372255,271
18,2025-06-26,14,96,9,85,1525600,1390823,138
19,2025-06-06,9,30,2,50,1373504,1067896,274
20,2025-12-20,6,25,4,124,1209723,1108898,500
21,2025-09-26,20,37,2,50,1292547,1037037,91
22,2025-06-04,1,91,9,33,1200545,912976,27
23,2025-10-11,10,90,3,126,480283,456617,293
24,2025-05-26,16,62,8,88,823277,800278,129
25,2025-09-02,4,106,2,103,2112534,1620395,322
26,2025-12-18,2,20,3,145,1324378,1019230,127
27,2025-03-02,18,98,7,81,3138559,2628502,465
28,2025-08-15,10,111,10,110,1330857,1172198,30
29,2025-11-09,24,13,4,55,1160006,1046207,80
30,2025-05-03,6,71,2,41,61222,51668,352
31,2025-11-01,16,38,1,60,1258399,1148414,359
32,2025-08-21,3,88,4,68,2671683,2366180,411
33,2025-04-12,14,15,9,58,2766376,2169578,136
34,2025-03-14,3,8,3,110,3564113,3287039,291
35,2025-05-28,15,16,8,78,2984895,2515003,139
36,2025-09-14,18,64,8,21,2558347,1942215,221
37,2025-06-15,20,33,1,24,1010178,981124,428
38,2025-10-22,19,3,11,69,2466955,1873043,387
39,2025-03-31,16,67,11,114,1216673,963291,299
40,2025-08-12,21,105,8,24,2021366,1677796,170
41,2025-06-14,22,14,3,85,1776564,1615864,147
42,2025-12-06,13,105,9,10,1957678,1507908,129
43,2025-06-15,4,99,7,132,54827,49413,277
44,2025-08-25,14,7,4,133,1567412,1400021,255
45,2025-11-17,15,98,1,53,1170115,1025395,474
46,2025-05-28,15,113,12,125,559297,423186,322
47,2025-11-08,26,31,12,41,1353380,1186498,282
48,2025-07-28,3,29,2,119,542688,487861,78
49,2025-09-13,23,38,9,70,1792692,1688691,241
50,2025-05-05,15,71,3,99,849477,817222,260
51,2025-03-11,28,9,5,149,2065755,1993199,259
52,2025-05-17,27,1,5,77,2511795,2218875,337
53,2025-09-08,28,20,8,138,2081475,1726330,282
54,2025-10-06,13,59,6,49,2975520,2395071,196
55,2025-04-30,28,100,7,12,1384528,1275540,361
56,2025-07-15,13,85,11,39,2127558,2067794,64
57,2025-09-15,19,43,2,113,468221,407805,233
58,2025-01-08,24,19,7,40,363852,312178,496
59,2025-05-16,11,80,12,102,2775612,2132981,168
60,2025-12-12,28,69,7,82,2678986,2452089,388
61,2025-09-07,28,70,1,18,1034697,926226,471
62,2025-05-28,8,96,2,112,462900,428129,360
63,2025-02-21,15,22,12,77,171413,130372,407
64,2025-01-29,10,46,6,111,660563,532523,210
65,2025-10-17,22,102,3,44,784294,602465,445
66,2025-07-15,20,88,4,128,2495938,1954112,236
67,2025-11-23,9,59,5,3,2001413,1915908,346
68,2025-10-07,6,10,8,89,2514454,2058848,492
69,2025-08-06,23,33,8,78,885576,867736,436
70,2025-09-05,4,31,7,147,1555583,1372345,358
71,2025-06-01,1,107,11,102,1201254,903177,442
72,2025-12-18,25,96,1,128,1250385,1160882,117
73,2025-11-07,26,46,4,49,2654206,2143653,386
74,2025-12-04,22,108,3,25,2681750,2409977,158
75,2025-08-14,2,75,6,34,428046,410587,167
76,2025-08-01,6,26,3,139,1584517,1381851,467
77,2025-05-20,27,22,5,124,1287912,1187079,173
78,2025-02-28,15,10,3,58,2886707,2645868,203
79,2025-10-13,12,12,7,4,1159219,1012475,232
80,2025-07-08,22,96,11,68,2501822,2095615,326
81,2025-07-10,4,87,4,121,154960,138301,482
82,2025-10-15,11,118,10,57,2766450,2115061,421
83,2025-08-26,23,39,11,105,539374,421870,484
84,2025-01-20,10,64,2,25,1034822,987292,69
85,2025-07-18,15,48,11,139,1807945,1600190,372
86,2025-03-21,14,84,2,176,3685124,3109753,487
87,2025-05-24,2,89,6,56,1909683,1627584,120
88,2025-07-05,4,88,6,140,2754599,2293189,203
89,2025-05-22,7,16,8,24,2829853,2260442,327
90,2025-11-02,1,7,6,63,578163,538272,105
91,2025-02-05,27,98,9,54,2509468,2006743,445
92,2025-04-30,11,100,3,1,1212974,1149212,74
93,2025-03-08,18,33,3,40,3951746,3751325,67
94,2025-01-08,12,102,4,83,116190,91799,26
95,2025-03-06,24,54,9,42,443213,380957,398
96,2025-07-05,17,76,2,116,2163252,1732670,314
97,2025-01-23,24,101,11,134,1315129,1124895,493
98,2025-01-16,2,62,7,110,2927701,2268474,364
99,2025-08-16,3,116,2,83,2601384,2039788,64
100,2025-05-21,20,82,10,141,1413926,1184315,305
101,2025-09-29,10,59,9,111,465984,434489,58
102,2025-12-02,21,113,9,56,1853844,1582918,116
103,2025-07-31,11,106,8,103,1794787,1647275,160
104,2025-08-07,11,86,5,96,690214,626692,242
105,2025-02-04,3,107,2,24,1861421,1437407,378
106,2025-07-10,26,17,9,16,2509812,2434577,287
107,2025-06-18,22,16,7,91,2840640,2745364,216
108,2025-01-27,10,77,5,91,484532,427803,108
109,2025-03-21,22,62,4,39,2125877,2007754,188
110,2025-02-28,25,36,10,58,1849827,1746950,498
111,2025-11-15,20,87,11,143,160116,142514,336
112,2025-12-22,9,4,3,70,2997332,2773593,471
113,2025-06-23,12,1,3,37,2425322,2185674,35
114,2025-03-14,24,82,1,33,3185007,2546351,214
115,2025-08-21,11,21,6,80,1410560,1309947,290
116,2025-11-02,3,114,1,40,710224,655906,25
117,2025-12-12,3,35,8,109,2087012,1856663,212
118,2025-05-20,7,97,9,30,1497759,1271417,145
119,2025-12-14,22,76,8,135,2848156,2338155,112
120,2025-07-22,20,8,1,53,1314244,1271431,392
121,2025-03-12,25,33,5,117,774550,582289,382
122,2025-08-09,6,17,7,137,1015154,878169,426
123,2025-12-09,26,46,2,102,227428,193388,235
124,2025-02-09,28,41,10,110,2455012,2069617,327
125,2025-08-02,10,15,7,6,1412176,1114956,485
126,2025-11-13,15,107,12,93,419643,356882,54
127,2025-05-05,14,76,7,135,379869,319479,158
128,2025-06-23,8,43,3,20,2191122,1962460,271
129,2025-09-19,7,116,6,90,2757184,2584745,120
130,2025-02-22,5,33,4,45,2576644,2023077,388
131,2025-12-02,3,23,11,127,1995960,1843314,389
132,2025-10-24,15,88,10,83,2680740,2205476,225
133,2025-02-04,16,57,11,78,1202064,1065060,180
134,2025-09-17,3,40,8,116,207736,158520,425
135,2025-05-27,3,83,2,130,1662636,1423920,283
136,2025-01-22,15,117,10,49,1398580,1243549,256
137,2025-03-19,2,58,2,123,565182,489473,88
138,2025-01-21,8,91,8,113,2248102,1956370,81
139,2025-07-06,12,118,5,100,1764503,1637682,347
140,2025-11-03,2,102,11,86,326454,269595,285
141,2025-12-14,13,37,5,39,1448221,1113313,339
142,2025-03-14,12,40,11,141,827206,733615,480
143,2025-02-13,10,72,7,85,586005,529822,424
144,2025-12-17,17,12,11,109,2182755,1818716,185
145,2025-06-08,6,28,6,125,855328,686062,70
146,2025-03-21,3,38,2,182,3239546,3051903,452
147,2025-09-27,2,85,6,34,2555033,2137657,83
148,2025-04-03,27,89,10,43,1885735,1433251,186
149,2025-12-13,24,31,8,73,1932940,1553737,122
150,2025-06-08,26,101,8,50,1592836,1443126,292
151,2025-08-14,15,99,5,98,2159343,1881469,494
152,2025-03-24,27,26,10,50,1538024,1171976,246
153,2025-07-10,18,120,2,133,572936,467266,390
154,2025-03-24,9,58,9,53,2638848,2034800,466
155,2025-04-24,27,58,6,7,1790203,1364580,257
156,2025-07-11,8,50,2,96,991783,750267,476
157,2025-02-20,27,92,11,86,662575,517900,146
158,2025-08-30,23,107,3,121,1931570,1722052,463
159,2025-02-10,1,33,4,39,2351851,2272480,311
160,2025-09-28,14,15,5,61,1313119,1021639,122
161,2025-08-03,21,102,10,118,313432,243065,463
162,2025-09-13,20,69,1,132,2461923,1983437,73
163,2025-05-30,14,1,10,91,1058999,933245,95
164,2025-12-07,22,11,9,93,333867,323611,278
165,2025-09-17,26,65,9,6,1687681,1604758,22
166,2025-11-22,13,48,5,5,1547760,1441521,176
167,2025-05-04,24,85,11,27,2490679,2289165,170
168,2025-03-10,2,46,9,121,3844511,3038203,398
169,2025-12-17,15,90,8,47,615612,470643,397
170,2025-08-23,2,38,4,12,886637,845613,161
171,2025-06-08,17,51,9,122,1112474,843725,331
172,2025-04-08,10,46,1,85,1195953,931203,188
173,2025-08-12,13,96,8,99,1472022,1433685,254
174,2025-12-21,16,48,9,69,396497,363678,40
175,2025-08-09,20,106,3,140,1282145,1056331,40
176,2025-06-17,22,38,5,115,2577578,2358644,85
177,2025-12-20,15,45,8,11,1528740,1362743,222
178,2025-05-21,21,102,1,20,2865149,2568972,186
179,2025-09-20,26,96,11,41,180613,141390,311
180,2025-12-14,26,57,1,33,331997,267018,330
181,2025-07-07,12,50,10,9,2587951,2032294,230
182,2025-07-09,12,57,2,147,627535,547069,203
183,2025-06-10,21,36,4,30,158688,145866,255
184,2025-09-23,13,117,9,31,1147970,1065593,360
185,2025-08-17,7,79,5,126,889608,692298,436
186,2025-02-07,15,23,12,114,418221,391629,495
187,2025-06-13,22,45,12,17,2356855,2061539,456
188,2025-06-03,28,21,12,45,1566208,1357923,62
189,2025-04-13,26,18,4,127,160243,133483,293
190,2025-07-08,15,103,9,34,2616697,2494697,33
191,2025-06-08,13,92,12,123,2254927,1904247,209
192,2025-10-22,3,17,6,19,1937329,1660565,264
193,2025-06-26,5,113,9,47,591203,502228,466
194,2025-01-29,27,16,9,40,1325590,1044394,165
195,2025-12-30,8,45,9,73,380762,307518,325
196,2025-10-10,9,17,11,78,2627098,2292668,257
197,2025-11-25,6,76,10,40,768067,692418,368
198,2025-11-06,11,108,10,11,169007,129912,485
199,2025-11-25,25,74,5,54,2449717,2072007,327
200,2025-01-16,16,114,11,140,1264970,1135485,154
201,2025-09-05,8,104,11,104,1297528,1108497,352
202,2025-01-31,6,57,7,124,1998011,1592265,310
203,2025-03-15,11,111,12,114,2098024,2044180,66
204,2025-07-09,17,72,2,82,1063922,912088,136
205,2025-08-19,8,19,2,13,1267237,1225973,442
206,2025-11-12,14,32,3,84,2472995,2264916,97
207,2025-03-23,16,66,8,179,1881756,1626580,46
208,2025-07-21,17,59,4,56,2496722,2075190,25
209,2025-05-25,16,77,11,121,1248515,1090501,433
210,2025-02-25,14,18,5,94,1741370,1452590,205
211,2025-01-27,19,72,4,93,2370385,1935131,197
212,2025-09-16,15,98,9,72,2664064,2414951,60
213,2025-03-07,4,51,6,121,3345602,3231711,386
214,2025-03-15,7,78,9,144,3006469,2282687,19
215,2025-03-12,23,43,8,186,2753447,2159408,457
216,2025-09-21,5,42,10,82,731582,614806,315
217,2025-06-03,19,44,9,131,2282795,1969286,288
218,2025-06-03,16,105,1,95,1439319,1302548,213
219,2025-10-26,10,102,12,7,2553620,2193957,495
220,2025-12-02,26,100,10,148,1004385,919938,298
221,2025-09-03,6,68,11,98,669816,628945,124
222,2025-01-17,19,90,2,49,129429,110200,214
223,2025-03-19,14,89,4,148,3016696,2800228,471
224,2025-08-30,28,109,12,16,629159,546926,287
225,2025-06-16,22,62,9,97,1365973,1325045,235
226,2025-09-30,11,70,6,68,2608846,2247159,490
227,2025-05-07,9,72,5,58,1298285,1203990,360
228,2025-04-17,23,91,8,82,2062441,1712289,478
229,2025-05-21,10,16,10,140,1642552,1570320,202
230,2025-06-26,25,103,3,75,226439,184809,365
231,2025-02-10,12,119,8,66,2059404,1645910,423
232,2025-10-03,9,120,9,70,625764,485043,379
233,2025-10-28,8,32,1,136,996535,893620,26
234,2025-02-21,14,43,12,121,471715,427691,70
235,2025-01-03,18,119,3,105,2788430,2690994,449
236,2025-09-01,16,84,4,74,1397074,1139517,30
237,2025-02-15,21,74,4,137,206440,198191,89
238,2025-08-02,27,23,1,102,2127790,1687021,383
239,2025-05-29,2,2,5,146,2578255,1997320,171
240,2025-05-26,15,83,9,135,2121618,2025147,68
241,2025-09-16,15,35,4,29,1436989,1131447,234
242,2025-11-28,9,92,3,4,1463950,1364220,290
243,2025-12-12,25,25,3,104,1843917,1601468,44
244,2025-07-25,22,13,3,36,2052587,1692210,127
245,2025-01-04,9,50,4,115,1169855,1134090,154
246,2025-10-26,24,74,1,67,2791746,2324678,120
247,2025-02-01,22,16,8,79,719900,607052,257
248,2025-12-27,25,40,12,31,2728949,2621728,151
249,2025-07-08,20,29,4,35,2055640,1614155,382
250,2025-11-07,12,54,12,141,2024796,1871297,410
251,2025-12-07,27,28,4,21,2254134,1922217,360
252,2025-07-05,3,118,10,29,309032,290681,462
253,2025-09-16,7,74,9,39,740118,610943,266
254,2025-08-15,4,88,4,150,2100293,1619150,261
255,2025-08-17,26,8,8,34,2202717,1862502,288
256,2025-01-30,18,60,11,79,141311,118852,418
257,2025-01-02,24,28,10,19,239959,203353,358
258,2025-02-02,18,8,2,121,183105,149419,92
259,2025-03-11,25,83,12,151,2268842,2219737,195
260,2025-08-18,28,118,7,97,386592,350649,338
261,2025-10-04,5,84,6,31,798572,781286,201
262,2025-09-28,5,94,4,1,145358,141731,237
263,2025-12-11,24,70,7,137,1640800,1541323,126
264,2025-08-24,12,20,5,49,523304,396355,338
265,2025-08-03,20,99,1,62,914368,699927,304
266,2025-01-18,15,77,11,13,1076489,990719,205
267,2025-08-13,8,70,4,15,637771,552243,148
268,2025-04-30,27,118,12,148,1387579,1224981,395
269,2025-12-11,27,42,4,78,650877,635718,266
270,2025-04-24,14,39,5,16,2385045,2309104,450
271,2025-03-31,21,87,7,143,2128784,1619543,176
272,2025-11-26,22,49,9,82,2970529,2512338,76
273,2025-06-03,13,24,9,122,1060693,1002724,153
274,2025-12-29,5,104,8,15,2408817,2035247,213
275,2025-10-13,17,18,7,63,1119529,892004,331
276,2025-02-10,15,109,6,24,2296618,2105205,97
277,2025-01-27,9,49,11,11,355279,281834,389
278,2025-10-28,24,86,9,56,2060725,1644550,464
279,2025-06-20,10,117,1,55,847017,822688,60
280,2025-09-03,8,90,10,53,1713595,1645872,282
281,2025-06-14,25,37,7,120,2288290,2057643,157
282,2025-05-14,12,66,8,120,463592,433295,369
283,2025-08-29,25,108,6,53,1604849,1319141,23
284,2025-10-16,28,29,12,38,118031,95602,478
285,2025-10-27,19,93,7,76,689259,548046,117
286,2025-07-14,19,107,4,128,2359562,2124926,350
287,2025-06-22,9,98,8,126,1982856,1563866,407
288,2025-06-30,6,18,12,140,2098147,1662426,455
289,2025-10-05,21,8,9,9,361764,349968,342
290,2025-01-25,25,1,7,36,2695354,2164988,362
291,2025-03-19,1,28,9,163,2261443,1727524,326
292,2025-12-08,20,117,8,125,115983,87163,282
293,2025-07-30,1,3,9,71,2297048,2239208,8
294,2025-09-15,27,90,11,111,801899,621162,49
295,2025-09-26,5,31,4,135,1108718,1039422,136
296,2025-07-23,3,48,7,118,2419790,1950200,356
297,2025-04-26,10,88,2,9,442169,372843,193
298,2025-10-10,16,8,11,3,2997946,2366633,255
299,2025-08-11,21,101,6,145,449976,430087,470
300,2025-01-22,8,28,12,146,2044392,1660765,473
301,2025-02-08,22,119,5,140,2413531,2175472,91
302,2025-06-11,1,27,10,37,1720574,1658016,153
303,2025-03-25,19,31,10,140,4045565,3868373,169
304,2025-07-16,25,95,3,21,2150477,1981567,177
305,2025-01-28,4,56,4,20,1478549,1314709,314
306,2025-11-01,13,100,6,8,2709704,2202624,230
307,2025-09-09,8,46,9,97,1861301,1475489,299
308,2025-12-05,13,11,10,76,1083685,990504,42
309,2025-05-18,5,49,12,40,1684193,1385814,54
310,2025-02-16,1,40,8,93,1181482,913891,44
311,2025-04-06,14,58,9,143,2199332,1855906,13
312,2025-02-15,12,71,2,84,1665804,1254081,211
313,2025-07-18,25,11,12,144,1068135,941615,86
314,2025-12-17,13,22,3,69,1313036,1065835,74
315,2025-02-02,6,56,5,108,1307252,1126031,39
316,2025-07-04,9,32,12,127,2540604,2265796,234
317,2025-02-24,5,39,1,102,1443419,1361968,194
318,2025-06-18,15,43,7,35,1310116,1079211,485
319,2025-12-22,7,62,6,46,1720337,1673555,149
320,2025-12-22,21,63,10,63,1416865,1185197,418
321,2025-07-21,12,15,10,52,2533980,2481706,92
322,2025-12-16,25,71,1,119,929329,790714,149
323,2025-12-21,3,105,7,128,633759,567637,123
324,2025-05-10,22,20,12,109,1631214,1251160,306
325,2025-09-03,19,52,9,130,2951237,2497363,18
326,2025-07-04,23,115,9,22,508728,471519,336
327,2025-12-07,12,22,11,12,2412317,2354975,346
328,2025-11-28,13,97,6,111,494363,371971,132
329,2025-04-24,17,96,9,143,2484870,2256666,113
330,2025-08-17,12,51,8,129,682270,565835,12
331,2025-09-05,4,38,7,22,536830,505266,373
332,2025-03-14,12,40,6,163,1284729,1117529,178
333,2025-09-01,4,57,12,116,1387603,1062140,22
334,2025-12-30,4,3,6,28,2890128,2699412,476
335,2025-05-05,17,23,9,41,1438271,1263902,490
336,2025-08-25,8,103,7,48,831763,746349,221
337,2025-07-22,1,95,10,51,1935654,1715389,199
338,2025-01-03,23,28,4,72,312411,275793,409
339,2025-10-02,6,47,6,51,1969105,1528438,343
340,2025-09-08,17,82,6,100,2614013,2196516,58
341,2025-06-28,12,109,8,45,2875236,2623300,152
342,2025-11-11,19,11,11,35,1363596,1059661,156
343,2025-03-01,6,48,12,51,3069575,2576437,305
344,2025-03-12,19,50,7,67,2927738,2623737,355
345,2025-11-27,6,72,3,126,1261460,986800,161
346,2025-08-19,20,7,6,3,2082597,1627347,417
347,2025-07-16,18,65,11,127,1766033,1602640,212
348,2025-12-30,27,57,8,43,396745,349152,407
349,2025-04-23,10,5,5,58,2304893,1881701,399
350,2025-08-23,19,96,8,141,2192475,1701445,58
351,2025-05-18,25,70,6,139,224527,207642,225
352,2025-10-07,7,55,2,64,1298681,1235313,16
353,2025-08-19,9,45,2,113,542352,503517,121
354,2025-04-18,26,95,10,90,2609623,2337014,84
355,2025-11-12,5,101,4,53,298964,263422,272
356,2025-05-24,20,69,3,83,1277398,1043055,136
357,2025-09-21,22,105,2,35,1776359,1707643,141
358,2025-12-02,5,90,3,64,663389,606085,424
359,2025-05-07,25,108,11,101,2102938,1645968,323
360,2025-05-18,21,54,7,116,366738,328499,450
361,2025-02-17,13,66,12,72,2963798,2861124,188
362,2025-08-21,16,42,10,1,440664,404579,234
363,2025-11-22,22,90,6,17,2291538,1928271,495
364,2025-08-08,27,28,8,69,1404194,1320671,172
365,2025-10-08,19,17,10,125,1491748,1425597,390
366,2025-01-25,2,13,11,118,118288,92096,439
367,2025-03-22,15,59,1,154,1258017,1231610,465
368,2025-03-09,21,39,3,99,618094,556627,128
369,2025-02-12,12,86,11,43,267211,224766,156
370,2025-12-25,25,30,7,24,449229,337033,244
371,2025-02-09,5,76,4,133,2902054,2473610,4
372,2025-12-23,11,105,2,109,2960977,2310747,36
373,2025-04-28,13,12,12,27,482858,396943,451
374,2025-06-03,5,49,3,37,336939,293816,4
375,2025-11-09,21,22,8,90,943619,844027,77
376,2025-07-30,20,88,8,56,413595,395486,71
377,2025-03-05,19,94,7,125,2591380,2130984,71
378,2025-05-07,9,83,2,64,2371113,2106093,369
379,2025-11-08,10,100,12,7,2811552,2675023,105
380,2025-09-23,20,66,4,101,1289593,1158852,401
381,2025-05-03,16,50,2,62,2145401,1923907,36
382,2025-09-28,1,47,6,34,1672517,1585524,291
383,2025-08-04,12,70,11,45,2025578,1963846,394
384,2025-02-07,1,76,2,4,1149684,919311,472
385,2025-01-31,26,51,9,74,2686416,2455128,392
386,2025-08-01,14,90,7,22,2736608,2390180,315
387,2025-03-20,9,11,5,29,3072393,2955066,498
388,2025-03-21,18,42,7,23,1891322,1722418,373
389,2025-05-03,2,32,2,112,536482,458303,311
390,2025-01-29,10,86,12,45,550980,414839,70
391,2025-12-26,1,21,8,89,2243643,1949638,421
392,2025-05-13,6,48,3,69,545165,505601,15
393,2025-06-21,26,55,5,135,317898,257649,499
394,2025-10-23,21,10,8,117,2192374,1825871,255
395,2025-10-18,6,48,3,66,481614,460269,345
396,2025-03-01,8,95,9,1,328591,311339,6
397,2025-05-06,2,61,6,99,679500,537593,491
398,2025-01-19,18,103,12,108,991685,817162,213
399,2025-06-13,9,106,2,147,1613670,1254567,344
400,2025-01-27,6,29,9,12,1731600,1326151,238
401,2025-05-25,25,109,5,84,412327,361697,4
402,2025-07-08,7,38,10,78,2661866,2144916,188
403,2025-10-30,16,99,4,140,1078136,845938,477
404,2025-07-29,1,30,9,89,2717333,2562722,449
405,2025-01-05,11,1,11,97,1339793,1036876,271
406,2025-05-02,14,63,1,37,1223672,943935,471
407,2025-04-29,28,67,7,96,1972912,1921907,43
408,2025-10-25,4,65,3,101,363861,322430,31
409,2025-08-11,22,17,4,75,1144675,1082530,474
410,2025-07-21,23,107,12,84,1384030,1182147,119
411,2025-02-08,7,18,10,28,701839,543434,230
412,2025-08-27,11,53,2,138,1552766,1509080,106
413,2025-08-20,10,60,5,31,429252,337500,351
414,2025-06-05,27,91,12,11,951862,896904,167
415,2025-03-17,3,92,4,128,2396756,2080613,346
416,2025-06-03,9,105,3,8,1746143,1652826,284
417,2025-10-09,8,13,8,27,636334,495026,31
418,2025-04-24,5,26,7,96,2928489,2620905,330
419,2025-02-13,19,76,5,20,141436,138514,101
420,2025-11-27,15,104,3,24,1440621,1121064,482
421,2025-08-25,2,22,10,111,1706744,1474812,195
422,2025-12-16,14,23,6,55,834968,679034,228
423,2025-03-18,2,79,10,88,3870834,3165855,210
424,2025-10-09,16,8,2,72,1656482,1294647,102
425,2025-11-26,26,68,4,140,131914,128954,400
426,2025-07-03,16,70,8,89,2422512,2096806,198
427,2025-05-19,6,4,6,57,172907,165303,398
428,2025-05-24,2,104,8,136,1549182,1435121,119
429,2025-03-23,4,32,11,86,1635053,1426990,405
430,2025-01-29,25,29,10,100,1538158,1484472,432
431,2025-03-30,6,31,10,114,4166479,3468677,302
432,2025-01-15,23,90,6,146,2413936,1889347,485
433,2025-04-07,27,104,8,139,1346262,1064055,19
434,2025-02-16,2,30,10,57,133584,116362,0
435,2025-06-19,20,26,3,88,794320,763595,432
436,2025-06-15,2,3,3,37,515234,486736,440
437,2025-07-06,3,48,12,102,2507932,1939226,154
438,2025-06-15,5,21,12,112,2731275,2651937,332
439,2025-06-12,6,91,9,92,986324,890721,417
440,2025-03-31,13,40,12,76,584137,461978,0
441,2025-12-26,19,51,10,9,813706,723017,471
442,2025-11-10,8,82,10,27,2131150,1667300,381
443,2025-02-09,8,45,6,43,2718360,2592292,45
444,2025-12-29,22,82,12,86,1923301,1447516,107
445,2025-05-08,23,9,6,66,503129,460712,24
446,2025-07-17,15,94,7,43,1786522,1542498,193
447,2025-06-29,18,49,2,123,2474540,2226400,351
448,2025-04-26,6,58,2,9,1286936,971144,133
449,2025-02-23,3,44,3,97,724882,665700,280
450,2025-02-17,11,77,10,124,179994,152851,334
451,2025-03-26,20,114,7,57,384480,297314,105
452,2025-04-08,14,90,9,139,1162601,1048593,152
453,2025-05-02,4,7,7,147,2355452,2221583,78
454,2025-01-28,12,1,7,23,1285429,1207655,320
455,2025-11-04,16,26,2,7,918023,724587,149
456,2025-02-11,16,109,2,79,1717098,1473814,458
457,2025-12-05,9,12,11,140,1675406,1327797,453
458,2025-07-15,12,24,8,12,1154343,982507,134
459,2025-04-26,27,35,10,16,683887,631237,341
460,2025-02-19,3,86,6,139,1786385,1738621,301
461,2025-04-27,18,8,7,134,1805870,1755476,351
462,2025-09-01,19,113,4,122,1303476,1001277,462
463,2025-01-18,17,74,9,147,2891787,2822481,75
464,2025-03-03,25,58,3,60,1314223,1230041,64
465,2025-01-22,14,11,11,112,896910,878408,321
466,2025-03-17,27,77,5,114,463495,356898,284
467,2025-07-23,18,42,5,134,1971650,1894651,6
468,2025-12-25,20,76,9,108,521938,441205,75
469,2025-10-18,19,75,2,28,2410066,2239662,402
470,2025-05-27,28,69,6,106,1157869,970410,248
471,2025-10-20,20,61,1,45,1205170,1015577,316
472,2025-11-08,22,89,7,10,1710075,1632441,169
473,2025-12-20,8,7,12,122,1176524,1125130,10
474,2025-06-22,27,102,5,80,1225859,1157032,439
475,2025-12-23,22,13,4,35,1310306,1276330,226
476,2025-06-14,9,94,7,23,838259,713857,467
477,2025-07-28,24,63,9,96,285744,248172,81
478,2025-02-03,10,91,9,104,618956,575331,268
479,2025-10-19,1,23,4,52,291707,235519,233
480,2025-01-26,12,91,4,71,1594979,1498333,258
481,2025-07-23,21,119,2,8,1064761,889786,304
482,2025-08-17,6,112,8,142,1516999,1257861,428
483,2025-05-13,24,107,12,24,1245667,942114,25
484,2025-03-25,28,74,4,79,3871431,3104019,105
485,2025-05-18,21,53,9,6,2911353,2189472,466
486,2025-03-09,21,23,10,4,1383982,1118326,412
487,2025-06-06,23,91,11,71,1827574,1747089,436
488,2025-06-28,15,33,4,120,1317288,1193140,422
489,2025-11-16,13,75,2,2,2195444,2151246,494
490,2025-07-11,18,83,10,73,1301898,1181361,246
491,2025-02-02,11,36,11,84,1211339,981261,364
492,2025-11-30,10,25,3,133,1057899,1012333,412
493,2025-11-04,13,85,6,36,156767,141206,151
494,2025-05-13,14,52,7,10,2495378,2277920,292
495,2025-04-08,11,93,12,57,2928626,2556591,401
496,2025-09-01,22,46,9,77,762975,719750,448
497,2025-10-13,6,38,2,121,586636,539946,371
498,2025-10-14,25,117,3,86,2794897,2153577,181
499,2025-04-25,24,112,5,108,1439644,1202803,299
500,2025-05-31,15,109,2,121,275137,261179,298
501,2025-10-25,20,10,8,50,2149154,1671091,348
502,2025-07-15,17,39,7,14,682410,533367,102
503,2025-06-25,14,73,8,37,1377008,1305886,92
504,2025-02-11,16,43,11,46,1364553,1222550,2
505,2025-08-20,9,27,3,148,714525,616351,390
506,2025-02-15,5,79,7,110,1741954,1478354,244
507,2025-07-16,1,5,9,52,1614900,1564056,456
508,2025-06-14,25,107,9,49,125145,113337,320
509,2025-05-08,8,89,6,80,590774,457036,257
510,2025-10-29,10,22,2,12,1300750,1259316,233
511,2025-09-24,20,68,6,112,2930564,2868900,175
512,2025-09-08,12,97,4,43,1741947,1314122,114
513,2025-03-09,7,94,1,182,1062282,826803,364
514,2025-11-30,26,5,7,66,2292834,2048236,304
515,2025-01-25,22,14,11,6,252312,229261,213
516,2025-08-16,13,16,9,65,2039762,1859099,105
517,2025-12-22,22,81,1,78,1815262,1637698,339
518,2025-09-24,9,80,10,36,1806682,1700178,53
519,2025-09-19,24,80,2,73,528203,491490,254
520,2025-04-12,20,26,5,134,895878,745658,209
521,2025-06-01,6,6,9,128,921131,836651,246
522,2025-06-19,8,1,1,23,513180,483468,342
523,2025-09-10,5,12,9,20,474843,454946,329
524,2025-04-29,15,38,5,119,260051,201007,89
525,2025-01-21,28,38,6,81,1836753,1689563,48
526,2025-01-24,1,110,3,44,1428503,1188844,224
527,2025-11-15,9,113,12,24,1612890,1511990,93
528,2025-02-28,13,52,8,70,1667808,1515499,244
529,2025-08-04,21,114,3,29,605793,551343,30
530,2025-03-23,4,54,10,173,3410849,3090332,92
531,2025-11-09,13,100,6,8,2920850,2781784,372
532,2025-03-08,16,118,8,40,2485071,2115685,32
533,2025-05-14,21,41,1,135,2468641,2262430,114
534,2025-12-09,28,44,9,134,2936694,2675720,48
535,2025-08-10,22,94,4,124,1500178,1354140,328
536,2025-07-17,5,108,9,14,98842,88758,80
537,2025-09-16,28,61,8,43,364007,335916,164
538,2025-05-04,11,36,1,130,984098,862674,193
539,2025-07-26,27,31,2,118,1913063,1787355,229
540,2025-02-15,28,64,8,81,547892,534498,381
541,2025-12-01,1,14,7,106,200290,175882,0
542,2025-02-16,26,78,10,78,2182123,1918820,335
543,2025-12-10,15,44,6,14,984986,930016,169
544,2025-10-14,25,80,10,122,2806359,2339262,231
545,2025-02-28,4,98,11,57,59214,49059,424
546,2025-11-21,26,38,9,134,1618209,1474968,23
547,2025-03-26,16,18,12,147,698080,564388,100
548,2025-04-07,4,120,7,56,1966989,1848276,97
549,2025-06-23,4,97,7,12,2706003,2550725,301
550,2025-03-05,25,115,8,165,3936473,3485915,258
551,2025-03-10,16,1,9,18,3318558,3202809,429
552,2025-10-27,16,119,9,46,2951693,2606544,374
553,2025-03-07,4,50,11,116,3030147,2886881,214
554,2025-11-08,23,98,4,71,1718787,1670019,496
555,2025-05-31,15,104,3,36,1781179,1582721,453
556,2025-09-20,10,108,12,141,1366637,1248738,478
557,2025-10-11,21,28,4,54,2667948,2439327,351
558,2025-06-26,22,17,12,46,2163482,1892555,326
559,2025-06-15,23,15,6,144,2064817,1825392,482
560,2025-12-08,23,54,11,137,1249268,1189077,216
561,2025-01-07,17,14,1,98,659544,502707,28
562,2025-04-13,9,97,3,74,2916346,2355325,429
563,2025-02-01,23,101,5,53,2319840,1757117,416
564,2025-08-20,4,79,11,144,990813,912295,287
565,2025-07-19,8,66,12,74,2956384,2669122,474
566,2025-07-15,13,54,11,81,2365778,1803608,380
567,2025-05-09,7,80,8,58,2708301,2470145,331
568,2025-07-08,25,76,9,51,861588,704486,90
569,2025-12-16,3,24,3,132,550606,460722,219
570,2025-05-23,18,34,3,42,2499415,2360905,2
571,2025-06-19,15,91,3,11,694678,669380,305
572,2025-01-27,25,120,11,78,2107519,1963530,281
573,2025-07-03,3,101,12,82,2253666,1804265,94
574,2025-09-24,3,101,9,41,1794542,1570059,206
575,2025-02-17,12,29,4,85,1438593,1198324,111
576,2025-11-13,17,61,9,3,531178,480108,228
577,2025-05-04,21,79,10,63,217257,197049,164
578,2025-07-15,26,15,7,66,2315919,2122573,12
579,2025-09-22,27,99,6,132,2183791,1861633,22
580,2025-06-01,21,25,6,132,395381,382763,85
581,2025-10-03,18,1,11,17,934081,844574,396
582,2025-04-20,28,88,7,27,912263,797029,359
583,2025-08-11,21,105,2,40,149627,128024,169
584,2025-01-20,3,10,1,46,1106578,971973,294
585,2025-04-27,9,53,7,116,2693322,2270532,161
586,2025-01-09,13,87,2,137,74741,67082,316
587,2025-02-02,25,96,10,12,2989712,2825570,183
588,2025-09-15,4,38,11,78,2594121,1997203,391
589,2025-08-13,13,51,11,8,2038048,1601812,112
590,2025-03-11,24,51,9,106,3793131,2970542,346
591,2025-11-28,12,2,9,143,642964,500447,2
592,2025-10-21,20,51,9,141,407047,333810,383
593,2025-06-26,7,53,11,132,647500,509595,113
594,2025-11-12,27,33,4,30,810670,733109,290
595,2025-01-28,28,97,9,119,2753960,2413633,148
596,2025-12-10,3,33,2,51,2485194,2142370,169
597,2025-07-02,5,86,11,61,469619,383012,35
598,2025-04-10,11,63,8,85,2635127,2376007,355
599,2025-10-27,5,73,10,94,1376797,1336169,86
600,2025-01-03,11,32,4,112,1210479,1141754,68
601,2025-12-14,24,43,8,119,1917966,1596726,156
602,2025-09-07,18,14,3,21,1226988,1162576,71
603,2025-10-03,7,34,12,20,366250,349836,434
604,2025-09-17,21,4,10,149,1749257,1621414,108
605,2025-01-19,18,34,9,139,2030147,1827942,76
606,2025-07-07,13,29,10,75,611538,524015,261
607,2025-02-16,13,47,9,3,2829475,2277564,493
608,2025-11-11,22,22,9,36,1921584,1511558,289
609,2025-10-17,22,112,3,124,1554897,1180627,389
610,2025-09-07,8,9,5,95,1031545,783815,105
611,2025-09-23,26,47,7,121,1956912,1864461,20
612,2025-11-29,11,14,12,134,2707372,2547146,427
613,2025-05-15,19,70,10,45,1629824,1467404,187
614,2025-10-28,21,115,2,133,1105229,924585,464
615,2025-04-25,17,52,6,89,2092045,1950437,454
616,2025-11-06,1,65,3,113,744601,597838,263
617,2025-11-26,9,28,3,48,710004,591654,367
618,2025-03-02,22,30,7,118,735526,633103,245
619,2025-09-03,7,76,3,106,144145,116187,65
620,2025-10-21,19,21,3,132,214378,204706,75
621,2025-01-29,6,34,3,133,1750607,1554280,288
622,2025-11-23,1,113,12,73,409655,327648,310
623,2025-08-30,28,62,3,57,1772881,1574660,406
624,2025-10-26,27,99,3,131,1159480,914338,351
625,2025-06-25,15,77,10,18,1013908,848629,67
626,2025-02-25,1,26,9,130,2920446,2472311,76
627,2025-11-07,4,23,8,10,2278978,1973061,60
628,2025-02-17,16,85,3,139,55034,52629,396
629,2025-12-14,21,56,9,108,1603475,1525240,357
630,2025-09-29,14,30,8,98,1520178,1346088,379
631,2025-12-23,19,13,7,35,1117525,960783,119
632,2025-02-12,10,77,9,105,1131312,897667,363
633,2025-01-04,19,67,2,134,80174,67046,105
634,2025-12-19,26,41,7,93,497042,390475,333
635,2025-10-27,9,34,9,109,2418398,2017181,141
636,2025-12-15,13,97,4,106,2365695,2200738,247
637,2025-04-02,12,72,9,124,1114420,1089186,295
638,2025-06-26,25,91,7,36,2815232,2188532,117
639,2025-08-17,26,90,3,26,949502,823141,402
640,2025-06-23,26,71,10,14,724184,607948,325
641,2025-01-03,26,12,3,121,2567611,2182820,32
642,2025-05-15,8,48,2,10,1661980,1602244,205
643,2025-11-11,21,67,5,15,785140,704480,224
644,2025-01-06,7,109,11,133,1249598,993170,401
645,2025-11-03,17,67,12,60,2630293,2075251,18
646,2025-07-04,8,84,1,41,414245,405656,399
647,2025-07-24,12,86,7,104,2508198,1996704,7
648,2025-12-27,3,118,2,141,1243253,1140077,286
649,2025-10-26,12,45,5,58,2593272,2519371,232
650,2025-07-26,19,1,5,45,1757646,1522885,286
651,2025-02-07,17,38,6,30,2202880,2136888,448
652,2025-10-03,27,102,10,65,2961651,2522843,193
653,2025-10-16,16,99,4,87,1974549,1790455,459
654,2025-10-28,28,4,8,30,1131374,866109,324
655,2025-04-23,22,90,4,81,1779839,1726003,264
656,2025-10-02,1,90,5,64,1254979,968080,344
657,2025-06-25,3,71,3,122,1366477,1135971,457
658,2025-10-21,9,24,12,49,2142954,1970522,120
659,2025-05-04,28,34,4,59,900464,848269,428
660,2025-11-13,12,20,2,31,379200,343341,339
661,2025-09-10,20,1,9,11,2072879,1731631,161
662,2025-09-10,19,112,5,126,817020,797747,468
663,2025-09-19,9,51,4,148,587902,448248,409
664,2025-08-05,16,70,1,129,1506635,1266409,351
665,2025-03-31,15,16,12,133,1979675,1628480,4
666,2025-01-07,22,27,7,149,472567,389797,313
667,2025-05-13,6,71,5,61,1179980,1012905,313
668,2025-06-25,12,24,8,109,933037,789714,385
669,2025-07-10,12,110,7,72,1940494,1535657,67
670,2025-10-22,22,30,2,70,1039038,911992,438
671,2025-07-15,7,19,12,39,2033851,1902268,90
672,2025-08-04,16,18,11,133,2289685,2096730,402
673,2025-09-07,10,33,9,146,250107,210498,353
674,2025-03-25,2,28,5,170,3768566,2909896,381
675,2025-06-21,9,47,6,144,2388288,2303084,131
676,2025-06-26,1,53,2,90,2900389,2817776,101
677,2025-10-23,19,84,11,138,782068,762716,145
678,2025-07-01,11,87,9,125,1924560,1837214,195
679,2025-11-11,10,60,11,38,752862,675568,475
680,2025-06-22,14,81,10,147,1747739,1652045,36
681,2025-02-10,6,44,4,81,1379083,1241440,363
682,2025-05-17,20,83,7,70,1916039,1781195,480
683,2025-07-05,24,76,9,116,1786395,1408542,437
684,2025-01-12,5,94,4,65,2988935,2757113,107
685,2025-03-27,13,14,2,23,2848559,2495735,13
686,2025-07-23,17,98,2,27,1150804,1026705,43
687,2025-12-02,13,40,4,64,1241917,1058022,64
688,2025-03-09,17,108,3,11,276430,249510,440
689,2025-06-16,28,61,8,139,1192588,1044904,69
690,2025-12-24,18,23,10,117,2696805,2487127,449
691,2025-10-16,14,68,11,137,1348813,1293582,246
692,2025-10-04,8,104,2,114,1341292,1118812,133
693,2025-03-21,10,2,1,187,870359,721609,240
694,2025-10-01,1,89,8,123,1306657,982737,220
695,2025-05-30,20,30,1,141,1617176,1283021,451
696,2025-10-15,14,51,4,42,2759481,2316960,193
697,2025-04-23,9,11,7,62,2216819,2052428,465
698,2025-11-10,26,89,11,70,1244021,1118555,272
699,2025-05-18,14,25,2,47,623042,508780,326
700,2025-08-22,20,58,5,126,837646,690009,77
701,2025-01-26,18,3,3,27,1233274,1001313,366
702,2025-08-13,24,2,4,24,682013,513819,111
703,2025-06-25,14,40,8,96,1994833,1815886,16
704,2025-06-19,3,108,3,15,1167797,1084182,36
705,2025-10-06,16,24,4,65,1650451,1552245,62
706,2025-05-08,13,99,8,64,190552,151643,376
707,2025-02-18,17,86,4,122,1682099,1525212,159
708,2025-06-15,6,81,12,11,2355105,2048501,129
709,2025-09-04,21,39,4,93,268470,254681,111
710,2025-02-27,8,82,7,84,113198,89255,141
711,2025-10-27,4,51,4,3,226132,199821,353
712,2025-09-01,23,77,3,96,425305,343308,255
713,2025-02-16,22,80,6,16,300715,250125,78
714,2025-12-26,18,102,2,33,2096161,1684297,285
715,2025-11-27,25,45,8,50,139560,126794,183
716,2025-03-10,9,116,1,175,2639011,2318570,277
717,2025-12-23,16,25,10,48,2330109,1933903,374
718,2025-08-28,9,112,10,142,722529,553342,79
719,2025-08-19,10,105,5,139,1589782,1358370,397
720,2025-11-23,17,49,12,48,128516,114705,186
721,2025-11-14,8,42,12,17,2811065,2733613,419
722,2025-07-18,7,68,11,128,2363023,1856037,144
723,2025-06-15,14,83,6,29,453728,394895,34
724,2025-01-23,27,17,3,9,897580,695285,98
725,2025-02-20,2,74,11,100,2809521,2423715,319
726,2025-12-26,19,33,1,94,975778,867827,36
727,2025-01-07,7,84,8,21,2013182,1880784,31
728,2025-07-04,18,96,7,95,294528,276690,136
729,2025-09-28,2,94,2,78,376884,364544,491
730,2025-09-23,4,13,12,60,2279948,1912024,98
731,2025-09-27,22,32,10,46,2392197,2206358,212
732,2025-02-24,25,82,10,92,2879026,2463023,340
733,2025-08-07,4,22,3,141,1734252,1501999,336
734,2025-03-22,18,77,8,127,1920596,1683438,166
735,2025-07-10,14,98,11,111,1406651,1251828,288
736,2025-10-07,7,49,9,66,1559985,1515026,229
737,2025-07-23,1,93,1,73,2548810,1921164,69
738,2025-06-04,1,39,4,55,1370805,1034945,420
739,2025-12-20,27,36,9,131,2383388,2100369,292
740,2025-03-21,4,5,8,128,986663,771406,187
741,2025-10-26,8,30,5,77,435478,383748,291
742,2025-04-22,24,10,12,84,2073890,1637891,422
743,2025-12-20,23,74,2,77,206747,189810,295
744,2025-07-15,3,100,1,86,1509325,1437409,222
745,2025-08-02,28,16,4,3,2708715,2515871,195
746,2025-01-28,10,68,1,82,2314629,2036711,167
747,2025-09-15,23,29,3,13,2875430,2640401,201
748,2025-08-17,25,77,10,130,427835,342729,148
749,2025-07-21,5,17,6,22,2045879,1803301,25
750,2025-10-08,13,34,2,103,2154798,1831433,357
751,2025-03-08,25,18,8,201,1233297,1063358,333
752,2025-10-20,7,72,10,135,1082829,872470,136
753,2025-08-09,11,88,10,23,521984,472135,216
754,2025-07-07,12,25,6,89,2540901,2288702,394
755,2025-06-06,6,45,10,114,2663815,2087200,22
756,2025-04-30,7,88,6,40,409931,318043,27
757,2025-05-05,20,119,3,74,107601,89196,411
758,2025-02-26,10,58,8,6,1441991,1150812,275
759,2025-04-19,7,70,9,67,2351834,2025154,373
760,2025-03-14,23,90,11,7,2281442,2017002,339
761,2025-09-27,2,33,3,16,1241239,988224,356
762,2025-11-13,9,7,8,3,329331,276436,138
763,2025-12-06,28,117,11,93,502529,379101,444
764,2025-11-29,13,30,7,131,467768,448070,248
765,2025-11-02,18,12,3,51,2149881,2090462,287
766,2025-12-31,1,6,4,136,1328958,1098677,201
767,2025-03-22,1,45,11,127,2156788,1927743,120
768,2025-09-14,9,104,1,66,1673911,1598237,417
769,2025-01-16,18,36,4,39,1483555,1418798,336
770,2025-03-12,3,94,7,187,4051202,3609066,320
771,2025-12-18,8,54,4,147,690676,585753,159
772,2025-11-06,11,58,9,34,917202,825544,297
773,2025-10-05,22,103,4,36,1346033,1222685,460
774,2025-09-26,5,56,3,145,712901,586734,285
775,2025-09-30,24,16,3,82,660366,605706,391
776,2025-06-13,14,53,5,114,2721131,2624932,140
777,2025-03-19,25,25,2,47,1154834,873084,313
778,2025-11-12,9,78,10,60,2551318,2049733,351
779,2025-01-14,12,11,12,123,612400,530053,309
780,2025-08-29,23,84,6,48,1675126,1445688,70
781,2025-03-25,7,29,1,147,158163,152287,486
782,2025-07-31,8,96,11,52,907995,694808,474
783,2025-08-13,28,79,8,84,1969082,1878789,218
784,2025-07-27,25,6,10,98,1362387,1145296,480
785,2025-10-20,20,69,9,10,2233760,1731482,233
786,2025-01-22,8,67,9,102,214633,188505,264
787,2025-11-19,2,25,5,113,1719500,1639390,396
788,2025-05-27,15,22,7,76,2621671,2520415,353
789,2025-09-22,5,60,11,116,429336,393361,57
790,2025-04-03,25,75,12,140,617517,518964,165
791,2025-08-19,1,23,8,52,1957079,1508401,165
792,2025-12-21,21,117,12,42,568182,438053,361
793,2025-08-19,21,47,2,135,1660979,1523418,499
794,2025-09-19,20,21,7,141,1646381,1251411,87
795,2025-06-21,19,112,11,39,729997,693371,91
796,2025-12-31,2,54,5,80,1921742,1568947,92
797,2025-03-02,5,26,1,91,141684,121208,437
798,2025-09-13,18,104,1,127,1047734,838062,337
799,2025-09-01,15,53,8,21,2571685,2283716,125
800,2025-10-08,9,80,11,143,920895,701032,75
801,2025-01-29,21,45,1,38,186030,168061,429
802,2025-11-05,10,43,2,13,506707,428623,91
803,2025-03-24,22,37,10,205,3371118,2665901,233
804,2025-10-24,12,120,1,24,1305332,1075918,459
805,2025-07-14,27,9,7,141,322318,263447,68
806,2025-03-04,23,111,5,118,3164866,2674831,107
807,2025-12-23,7,79,1,28,2446487,2245477,322
808,2025-09-28,3,62,12,74,1841192,1638723,162
809,2025-05-13,17,74,10,91,594056,529474,254
810,2025-09-24,24,81,8,127,804585,766964,119
811,2025-12-29,10,25,1,31,150607,129058,407
812,2025-03-02,24,109,4,149,2501259,1902115,179
813,2025-10-14,26,82,4,3,2736947,2179357,144
814,2025-05-11,26,9,5,77,2175210,1906568,392
815,2025-01-04,4,88,6,88,1711151,1568460,315
816,2025-01-15,27,23,4,85,1467409,1411829,245
817,2025-08-31,26,5,11,35,2069538,1626116,235
818,2025-10-02,11,60,7,15,2235539,1830569,371
819,2025-12-14,11,72,9,5,923516,815281,169
820,2025-07-01,3,20,5,8,1472508,1437509,320
821,2025-10-01,27,22,10,100,835924,741376,442
822,2025-06-07,23,110,6,9,1188742,1004712,254
823,2025-05-02,12,58,5,56,2252430,1845941,57
824,2025-07-11,26,5,4,24,1911323,1655929,409
825,2025-09-05,17,20,4,88,2077828,1908404,268
826,2025-06-08,25,42,3,26,2214875,2005890,67
827,2025-04-16,24,5,8,100,2240873,1740356,159
828,2025-01-23,22,109,10,23,1447918,1241418,23
829,2025-02-22,17,99,11,80,144289,127383,159
830,2025-11-24,7,42,4,50,1251950,1018623,163
831,2025-08-14,22,16,5,39,710586,577661,7
832,2025-11-15,18,66,2,53,2325530,1931522,163
833,2025-05-19,5,91,5,147,1076870,850073,159
834,2025-11-10,11,70,8,13,595569,450648,462
835,2025-12-12,2,14,7,14,411211,348742,91
836,2025-12-27,20,115,10,115,2635013,2191786,170
837,2025-04-12,23,98,11,137,379444,369558,386
838,2025-08-27,19,17,2,120,457950,391448,350
839,2025-11-26,23,99,8,121,1021795,989008,73
840,2025-11-12,9,117,6,101,819038,746071,340
841,2025-06-19,26,111,6,117,2094751,1585644,243
842,2025-02-27,12,62,8,44,1233873,1143339,309
843,2025-10-22,5,66,2,104,498712,411412,332
844,2025-02-06,26,39,9,119,1731146,1533489,122
845,2025-11-14,8,71,3,124,1659842,1270100,106
846,2025-12-22,19,56,7,146,1485294,1299990,120
847,2025-03-30,22,86,2,205,2927505,2272605,305
848,2025-08-26,11,72,2,114,788927,647589,207
849,2025-02-05,20,14,11,98,1423249,1229242,338
850,2025-02-01,3,28,3,149,2718134,2544888,387
851,2025-03-17,22,20,8,191,1781714,1496098,295
852,2025-08-17,7,27,11,82,1307181,1151840,467
853,2025-12-14,10,118,7,89,424498,375267,313
854,2025-09-19,13,109,3,76,311768,260301,281
855,2025-01-28,1,91,9,92,510108,483626,443
856,2025-01-16,8,56,12,101,2672338,2199786,195
857,2025-07-27,13,56,9,55,2828674,2234325,71
858,2025-04-07,18,50,6,107,697043,569029,446
859,2025-12-10,5,18,1,19,2769541,2087161,369
860,2025-09-07,22,56,3,22,625543,561559,212
861,2025-08-22,26,90,10,109,2664093,2108239,260
862,2025-08-06,18,105,8,99,1540266,1235170,217
863,2025-11-06,1,74,8,61,2154403,1749219,474
864,2025-10-07,19,47,1,10,2432992,2095175,188
865,2025-02-27,19,62,12,21,645958,592952,269
866,2025-05-24,15,67,2,134,2608821,2009686,241
867,2025-11-19,24,85,11,20,2919214,2614880,408
868,2025-10-24,10,79,1,88,2294092,2131351,240
869,2025-08-21,17,116,8,147,1440470,1219838,491
870,2025-05-31,10,22,1,78,2414355,1955390,322
871,2025-08-31,19,22,10,14,2802805,2740537,414
872,2025-11-16,1,37,8,22,581927,504115,435
873,2025-05-23,9,17,10,72,1204344,1140884,7
874,2025-02-27,20,23,10,39,2814699,2400178,413
875,2025-03-31,9,101,12,61,2083895,1649582,270
876,2025-01-17,11,11,3,40,2130157,1966422,211
877,2025-07-16,8,85,8,43,934397,824964,431
878,2025-06-26,2,83,5,30,270298,213142,204
879,2025-09-01,10,61,12,137,1030046,862513,361
880,2025-07-19,16,34,3,136,1873407,1410166,474
881,2025-08-18,13,87,6,136,2914190,2826327,49
882,2025-09-30,21,46,7,70,1454955,1181678,410
883,2025-02-20,9,84,10,101,1984029,1840831,383
884,2025-05-04,24,87,10,50,2230838,1846249,353
885,2025-04-03,11,71,1,3,335011,252179,50
886,2025-09-26,4,88,8,90,970298,889576,128
887,2025-04-09,2,4,10,24,288580,278726,336
888,2025-04-22,20,82,2,31,412330,390468,66
889,2025-07-12,22,98,11,145,824975,788742,356
890,2025-04-05,9,38,8,20,2729239,2331567,141
891,2025-08-07,23,116,11,83,1129347,889080,37
892,2025-05-22,25,8,7,100,1445255,1415006,132
893,2025-05-16,6,57,2,126,891667,793913,91
894,2025-11-27,16,14,3,139,1858808,1487471,329
895,2025-02-24,15,92,5,27,196217,150453,292
896,2025-05-09,25,58,1,128,674340,607013,0
897,2025-01-20,22,50,5,39,2986244,2466222,200
898,2025-10-22,1,66,12,126,2055462,1747745,432
899,2025-02-05,18,29,1,99,2940971,2759026,246
900,2025-03-04,19,69,6,120,4073756,3339055,28
901,2025-11-20,21,12,6,137,1476326,1134564,235
902,2025-05-29,21,26,3,142,214966,209060,338
903,2025-04-08,10,90,7,28,2694999,2448228,249
904,2025-02-13,21,57,12,49,636963,482952,12
905,2025-10-31,8,63,7,17,2317239,2080842,255
906,2025-10-01,27,104,8,5,205368,170052,172
907,2025-01-22,13,16,4,134,1972544,1905912,445
908,2025-10-02,5,95,10,60,352130,267084,72
909,2025-09-08,21,3,8,12,1067884,973160,66
910,2025-01-08,6,81,1,79,458073,391616,87
911,2025-10-30,3,105,2,30,2135170,1893564,315
912,2025-04-23,3,103,4,110,1464919,1372116,377
913,2025-12-14,13,42,2,148,2339606,1828602,428
914,2025-04-20,25,6,10,45,1457204,1114092,140
915,2025-03-14,25,54,3,133,3319624,2615702,124
916,2025-10-25,2,18,2,97,711666,536307,249
917,2025-02-11,1,1,3,23,2783661,2467876,145
918,2025-08-02,23,104,8,33,914698,716126,138
919,2025-09-25,15,53,4,45,2610781,2373421,305
920,2025-04-03,23,64,10,23,2680632,2520038,154
921,2025-06-28,14,1,9,61,854898,664278,271
922,2025-02-18,20,47,9,130,969710,830818,320
923,2025-12-04,7,36,1,50,522610,487710,350
924,2025-08-31,16,23,3,12,276608,248481,145
925,2025-04-18,14,33,6,117,231686,179328,26
926,2025-10-03,6,21,1,125,2209662,1716233,458
927,2025-05-01,24,57,10,149,1417226,1199519,382
928,2025-12-13,11,30,2,84,1005387,776716,377
929,2025-07-31,28,26,7,57,358405,307628,248
930,2025-01-28,14,19,4,117,796840,668617,69
931,2025-08-23,24,25,11,92,1181180,940819,65
932,2025-01-17,23,73,1,72,622528,482804,238
933,2025-08-23,14,22,6,57,1287997,1144818,404
934,2025-11-23,20,116,3,148,2368425,2242071,44
935,2025-07-30,28,67,8,56,2531270,2174114,236
936,2025-05-23,1,94,7,64,1089480,899123,296
937,2025-04-24,19,20,10,2,1802262,1758002,20
938,2025-08-29,24,99,9,9,1835505,1600850,245
939,2025-12-23,27,13,8,127,1058778,814317,385
940,2025-01-07,23,94,7,56,606634,504982,122
941,2025-11-28,3,3,8,79,728650,664353,439
942,2025-10-20,24,75,1,117,1995153,1850548,447
943,2025-12-27,13,24,6,119,2706681,2030859,321
944,2025-02-06,13,115,12,86,2276841,1724762,218
945,2025-05-19,23,79,9,148,918835,855590,41
946,2025-11-14,11,95,1,132,2879699,2400856,26
947,2025-02-26,13,47,8,11,1583316,1320928,331
948,2025-10-14,23,9,9,53,630516,615186,122
949,2025-10-04,4,84,8,149,2997939,2393112,381
950,2025-04-26,11,46,5,129,2903077,2459700,27
951,2025-02-02,12,45,8,125,2153234,1875761,62
952,2025-08-29,23,69,11,137,1275845,1089514,188
953,2025-12-11,23,104,2,49,1970463,1517416,200
954,2025-04-02,10,10,2,43,1207387,936649,75
955,2025-09-12,5,112,4,134,2680987,2024731,213
956,2025-12-16,18,120,3,122,1504166,1273471,377
957,2025-11-27,1,38,4,17,142428,135379,118
958,2025-09-24,21,43,7,149,1487775,1340224,402
959,2025-06-17,16,76,11,136,2350444,2003539,155
960,2025-10-18,5,115,5,44,1140550,914903,190
961,2025-05-28,25,109,1,38,1531096,1248467,489
962,2025-03-27,20,119,3,193,1744974,1381887,89
963,2025-12-29,23,116,11,40,726351,584507,21
964,2025-06-12,19,17,8,67,1600517,1268304,287
965,2025-12-29,2,86,6,89,670523,560403,276
966,2025-03-25,18,39,2,9,2445599,2357914,393
967,2025-03-16,15,119,6,56,95215,92657,279
968,2025-09-17,11,83,12,76,2037725,1948217,496
969,2025-10-21,22,19,10,114,1470545,1335995,374
970,2025-09-03,2,18,11,142,540213,443438,205
971,2025-11-13,27,29,8,92,437893,361289,311
972,2025-11-25,7,75,9,57,1215711,966508,42
973,2025-10-03,28,58,11,23,2196592,1846713,251
974,2025-06-12,20,78,9,15,2846620,2371362,75
975,2025-08-07,12,50,6,4,1243910,1031613,157
976,2025-08-17,28,72,2,56,1913195,1761194,212
977,2025-08-15,10,21,12,109,1787254,1397812,300
978,2025-11-03,3,19,4,78,2040671,1994404,268
979,2025-06-21,3,120,10,97,420978,316374,327
980,2025-05-20,14,23,9,119,2432013,2246465,70
981,2025-04-13,6,107,7,75,2373086,2047580,421
982,2025-06-04,27,75,5,127,2395794,2204530,114
983,2025-01-14,26,1,3,68,1309001,1269581,427
984,2025-11-22,16,16,11,74,1799682,1424008,464
985,2025-12-19,21,32,1,31,1212732,1047074,496
986,2025-02-04,20,96,6,149,2065303,1817636,444
987,2025-05-13,21,88,8,31,1615323,1401908,294
988,2025-01-09,28,34,3,149,295410,231486,236
989,2025-12-21,5,46,3,14,1193662,994401,325
990,2025-07-02,2,38,5,136,2729935,2635350,263
991,2025-04-10,25,81,3,25,2561391,2364431,278
992,2025-06-15,28,41,11,78,1188581,1078817,352
993,2025-07-05,4,69,10,91,652794,491531,265
994,2025-05-25,12,100,8,106,1477376,1420953,83
995,2025-02-22,7,20,9,57,840277,783873,286
996,2025-11-11,23,107,9,137,2361534,2152587,410
997,2025-02-28,14,59,2,30,600427,577841,245
998,2025-06-28,10,89,6,36,1903621,1817267,305
999,2025-09-25,25,44,3,78,170626,157185,60
1000,2025-04-24,5,110,12,37,2935878,2354903,64
1001,2025-04-18,5,11,7,29,376045,283660,247
1002,2025-08-09,2,26,2,9,2817354,2445745,30
1003,2025-08-29,4,117,5,12,327861,268642,5
1004,2025-02-19,26,16,10,53,2514585,2407137,94
1005,2025-12-10,12,4,2,38,1213397,1174837,178
1006,2025-06-30,6,110,9,62,2167742,1910114,50
1007,2025-10-24,25,2,9,56,853408,829325,87
1008,2025-10-03,1,93,2,55,2164748,2047414,243
1009,2025-07-07,23,76,3,113,2874971,2789532,92
1010,2025-07-01,13,55,4,132,1004431,847481,389
1011,2025-06-10,4,60,2,134,620057,535752,184
1012,2025-12-27,10,72,12,11,394972,326036,59
1013,2025-07-17,10,59,10,80,2931682,2856986,227
1014,2025-04-26,18,53,5,110,841821,797253,458
1015,2025-09-01,22,48,3,4,2877627,2483619,53
1016,2025-07-22,15,67,11,22,550035,430663,205
1017,2025-12-22,19,14,12,44,321415,267948,101
1018,2025-06-23,7,77,7,32,1026726,967961,371
1019,2025-09-13,9,98,12,149,2539948,2064428,404
1020,2025-11-26,13,46,8,104,2082278,1806637,75
1021,2025-08-21,4,16,5,126,2135717,1715170,482
1022,2025-03-10,1,13,12,19,470639,406900,13
1023,2025-04-02,13,78,11,84,690623,566057,319
1024,2025-02-19,25,10,11,134,2114384,1971299,103
1025,2025-05-31,22,64,8,130,1147503,1003790,414
1026,2025-10-04,18,3,1,111,549684,460764,161
1027,2025-07-12,15,59,1,9,791843,695264,440
1028,2025-06-05,23,22,8,111,614084,504694,199
1029,2025-09-07,25,15,10,126,2818570,2472929,276
1030,2025-10-20,16,61,9,41,2175191,1659278,134
1031,2025-09-11,19,49,10,91,1243017,1023886,14
1032,2025-10-30,2,17,6,90,2499335,1889964,456
1033,2025-11-17,11,49,2,110,1497634,1464906,210
1034,2025-06-29,2,85,4,64,1034076,929695,303
1035,2025-02-13,23,9,5,30,1465972,1156724,275
1036,2025-06-16,2,59,11,109,2432571,2112431,215
1037,2025-05-17,1,90,8,6,1377557,1152849,199
1038,2025-06-15,19,13,8,26,2947693,2668474,172
1039,2025-09-12,17,104,11,87,748885,667563,186
1040,2025-08-12,7,64,11,20,2297450,1836210,135
1041,2025-01-25,10,74,7,58,2669646,2458381,47
1042,2025-10-24,4,76,6,70,332149,292383,271
1043,2025-09-01,14,27,6,20,2782743,2614275,258
1044,2025-06-03,14,85,9,81,889183,751619,128
1045,2025-11-16,17,59,11,141,807494,769223,321
1046,2025-12-27,17,111,3,148,2143811,1712860,492
1047,2025-08-28,9,120,11,137,2627073,2485574,464
1048,2025-08-11,19,94,11,16,2240557,1783817,236
1049,2025-03-17,8,20,12,107,2626612,2217805,440
1050,2025-02-02,21,27,7,69,1253952,1126788,131
1051,2025-12-18,20,31,7,62,526299,412876,14
1052,2025-05-06,26,106,5,119,2085841,1832953,223
1053,2025-08-05,21,116,1,52,718397,583858,14
1054,2025-05-13,26,103,5,141,788135,707893,21
1055,2025-09-06,26,3,1,22,1366612,1214054,443
1056,2025-02-02,14,115,6,24,1714698,1657988,370
1057,2025-03-13,8,15,10,180,778415,677260,424
1058,2025-10-25,25,120,9,65,2132266,2033008,121
1059,2025-11-04,4,99,6,85,2500841,2299684,412
1060,2025-05-01,14,28,3,28,784650,627127,140
1061,2025-08-14,14,33,10,15,2106712,1838523,358
1062,2025-02-27,11,70,7,122,2913612,2350293,142
1063,2025-03-16,12,61,12,133,1879589,1418802,495
1064,2025-11-07,2,108,12,14,2946932,2832046,343
1065,2025-05-03,9,71,7,80,2729946,2649279,185
1066,2025-12-17,4,69,4,114,1679365,1262562,491
1067,2025-07-21,9,39,2,61,1297482,1035895,455
1068,2025-03-24,15,81,6,147,268954,218667,41
1069,2025-09-09,16,95,7,86,1821531,1733469,419
1070,2025-02-21,27,21,12,67,2173720,1663470,215
1071,2025-11-05,24,105,9,84,1951117,1775318,390
1072,2025-01-27,21,83,3,114,2738963,2139955,205
1073,2025-04-13,21,40,6,148,394906,306245,127
1074,2025-09-22,23,99,11,34,2541484,2306964,405
1075,2025-06-13,15,62,12,35,1143370,903148,303
1076,2025-06-17,26,37,4,22,1788524,1492608,201
1077,2025-07-13,27,114,10,58,136967,132592,472
1078,2025-10-13,21,79,11,59,423194,412211,101
1079,2025-05-15,23,110,3,13,1732062,1545243,307
1080,2025-05-14,5,12,6,44,2429189,1887457,367
1081,2025-09-27,14,99,8,127,547076,438553,104
1082,2025-04-08,28,105,5,74,2122691,1778553,220
1083,2025-04-16,20,28,5,49,1804607,1428319,405
1084,2025-03-16,1,38,5,85,3697033,3156248,127
1085,2025-07-09,19,88,11,118,409614,308182,68
1086,2025-06-15,23,51,11,55,1658496,1514114,376
1087,2025-11-02,9,10,2,143,296425,225871,476
1088,2025-05-01,16,117,6,12,72485,58592,317
1089,2025-07-15,10,51,11,95,604647,588111,286
1090,2025-01-22,19,23,5,44,2162866,1867317,173
1091,2025-08-28,5,12,6,136,1865838,1460229,59
1092,2025-06-10,2,17,8,72,1562433,1504676,144
1093,2025-05-15,20,107,5,133,1362860,1158742,84
1094,2025-06-11,24,63,3,143,2807417,2516652,225
1095,2025-01-28,7,20,1,59,818150,620360,133
1096,2025-03-25,23,60,7,42,2976128,2260018,182
1097,2025-12-30,18,63,8,127,521820,492881,443
1098,2025-03-17,4,45,2,74,1738338,1375982,86
1099,2025-09-18,27,35,10,150,940854,831918,497
1100,2025-01-03,17,99,10,47,1796587,1727768,126
1101,2025-09-13,22,13,6,7,1242361,1126451,348
1102,2025-03-04,13,48,10,39,1969825,1547038,41
1103,2025-08-24,27,91,11,123,1954446,1748295,137
1104,2025-11-01,22,1,6,12,2802188,2502757,231
1105,2025-06-16,24,94,10,34,936536,888355,410
1106,2025-11-26,10,42,1,19,2344939,2272098,195
1107,2025-02-17,13,33,3,62,1723180,1327733,436
1108,2025-04-17,6,50,7,73,2764419,2551803,334
1109,2025-03-20,4,39,8,155,1890922,1811236,308
1110,2025-03-09,12,86,2,133,3080312,2451837,228
1111,2025-07-18,16,35,10,109,428419,395856,415
1112,2025-07-08,20,24,7,110,439849,333977,174
1113,2025-08-26,22,29,11,40,2127532,1853663,331
1114,2025-09-26,3,38,8,112,382118,366320,244
1115,2025-06-03,5,17,11,77,1092928,951187,151
1116,2025-10-19,2,71,2,12,2203416,1707108,217
1117,2025-07-31,4,60,11,146,1112754,925538,299
1118,2025-02-11,25,65,1,30,2824860,2419385,402
1119,2025-04-04,27,51,1,22,1795885,1709060,152
1120,2025-06-10,19,93,8,116,2666450,2495268,174
1121,2025-04-06,7,24,2,67,2874481,2226159,273
1122,2025-01-10,1,51,2,4,770310,693921,235
1123,2025-12-21,13,112,11,125,1320035,1177807,498
1124,2025-11-12,12,89,11,102,1319434,1016170,69
1125,2025-01-08,7,15,1,49,162471,129671,332
1126,2025-03-16,21,31,7,193,1191054,916875,394
1127,2025-08-26,5,61,7,6,538463,424418,78
1128,2025-12-26,15,63,8,6,1935407,1712064,103
1129,2025-05-31,19,107,7,14,1450268,1090327,322
1130,2025-08-10,14,109,8,149,2549132,2340480,148
1131,2025-01-19,16,52,8,132,2528998,2318234,478
1132,2025-12-14,27,112,8,60,304613,265473,216
1133,2025-10-23,11,71,2,69,2769168,2342554,242
1134,2025-03-01,16,80,11,124,2702576,2460501,10
1135,2025-03-24,10,93,4,169,2089079,1777316,259
1136,2025-04-23,19,117,11,87,2575390,2437077,366
1137,2025-12-03,15,17,5,100,1798442,1693428,344
1138,2025-12-01,24,47,8,42,2658195,2120330,353
1139,2025-02-14,22,62,3,45,886697,696901,251
1140,2025-02-21,26,54,8,78,1034482,825692,24
1141,2025-01-10,12,113,5,92,2889241,2272328,423
1142,2025-09-15,2,104,2,87,1856153,1440769,116
1143,2025-03-03,18,29,8,93,2068392,1924687,393
1144,2025-01-24,25,113,9,69,684088,647341,447
1145,2025-09-21,20,86,2,13,1886378,1761437,492
1146,2025-02-26,4,101,10,27,2409182,1830142,53
1147,2025-03-27,21,16,4,130,992098,910270,362
1148,2025-08-15,25,65,8,26,697163,626631,171
1149,2025-03-12,4,109,4,158,2511293,2327768,3
1150,2025-05-06,27,104,8,88,1252751,1085076,43
1151,2025-05-17,12,92,7,93,2690064,2428990,77
1152,2025-09-29,14,101,4,36,1848613,1562233,209
1153,2025-08-23,28,67,11,93,174834,148922,394
1154,2025-01-06,23,104,9,18,405585,335747,205
1155,2025-03-26,14,8,7,14,3946570,3797308,77
1156,2025-10-22,2,81,12,134,1290358,1092210,453
1157,2025-12-15,23,71,5,81,1493500,1122839,143
1158,2025-09-28,20,118,3,104,1921452,1725641,454
1159,2025-10-06,20,101,10,114,2975405,2467823,415
1160,2025-11-29,13,100,4,78,403499,306055,171
1161,2025-07-19,24,93,12,33,2233008,2184200,145
1162,2025-04-20,3,66,9,80,2236641,1852750,325
1163,2025-03-23,1,4,9,93,1487152,1400023,155
1164,2025-08-05,17,15,12,16,1614386,1307239,259
1165,2025-07-01,4,7,11,32,1932138,1581514,377
1166,2025-01-03,15,44,4,149,2422286,2214862,480
1167,2025-11-18,22,69,10,60,1519420,1244125,341
1168,2025-10-21,22,18,12,97,2229639,2050438,53
1169,2025-06-17,17,75,4,93,1955512,1510705,364
1170,2025-08-06,27,53,2,24,310859,263522,66
1171,2025-09-01,7,58,2,95,2888799,2516255,301
1172,2025-10-14,17,100,7,68,2500747,2162471,216
1173,2025-08-14,23,120,8,107,733012,574094,65
1174,2025-09-06,23,59,3,132,2269378,1763654,108
1175,2025-08-22,16,5,12,41,2394727,1999468,487
1176,2025-03-02,20,110,7,40,779730,651078,148
1177,2025-01-21,17,20,2,96,1328946,1299622,155
1178,2025-05-31,16,4,3,37,2523063,2137044,479
1179,2025-06-06,10,28,3,126,58748,45713,178
1180,2025-02-04,28,6,7,124,2453584,2014960,231
1181,2025-06-22,26,49,8,34,631004,546509,235
1182,2025-08-19,22,58,3,84,424614,396571,340
1183,2025-11-16,14,50,4,102,1471860,1287036,490
1184,2025-12-10,15,95,5,23,744638,679599,292
1185,2025-11-19,26,99,12,80,2403190,2158993,329
1186,2025-10-14,3,25,10,139,2469507,2282445,490
1187,2025-10-19,17,25,8,129,128282,99760,479
1188,2025-09-30,6,3,5,53,1078806,1014971,429
1189,2025-10-24,15,11,9,83,1735262,1536479,251
1190,2025-01-12,11,56,3,107,150902,143012,162
1191,2025-07-15,9,12,2,26,2322386,1831609,73
1192,2025-04-04,9,99,2,40,1336788,1295344,347
1193,2025-03-28,2,79,6,65,229549,209821,152
1194,2025-07-19,4,41,3,106,1409867,1141040,482
1195,2025-03-03,2,26,4,85,2964787,2570419,258
1196,2025-07-17,4,35,1,82,1999611,1754094,33
1197,2025-09-05,1,53,11,60,128109,104012,493
1198,2025-10-28,22,13,4,143,2782802,2589673,155
1199,2025-10-18,14,58,2,129,903360,840181,72
1200,2025-07-11,18,22,4,138,1827346,1774555,284
1201,2025-08-20,2,1,8,75,2789127,2715434,0
1202,2025-01-31,16,35,10,65,2902117,2430335,179
1203,2025-11-20,7,75,9,73,240776,189520,273
1204,2025-10-16,3,39,2,102,2979424,2318840,71
1205,2025-10-12,9,113,7,54,2610393,2260883,410
1206,2025-06-12,22,44,11,67,1948837,1584001,339
1207,2025-06-14,11,27,8,85,116582,111944,68
1208,2025-11-27,1,78,8,2,90175,81583,211
1209,2025-10-12,23,91,8,101,2307086,1773374,448
1210,2025-11-29,21,10,9,8,2866949,2443760,63
1211,2025-06-30,27,49,10,92,1672151,1322258,393
1212,2025-12-23,1,16,8,95,859462,732478,113
1213,2025-01-11,25,36,11,92,853258,657599,314
1214,2025-11-17,10,104,12,57,1032549,1007176,495
1215,2025-07-05,2,36,8,54,79928,63550,420
1216,2025-11-23,13,15,5,146,2148517,1855507,282
1217,2025-04-10,22,95,10,145,786221,601484,65
1218,2025-02-03,5,34,10,59,2243956,2059158,140
1219,2025-04-09,28,87,1,137,2627217,2123242,286
1220,2025-08-21,1,55,11,14,1404757,1193321,208
1221,2025-05-21,4,88,9,120,2128591,1773411,388
1222,2025-01-23,24,29,1,72,1811868,1580772,161
1223,2025-01-03,13,25,6,21,2448385,2291112,377
1224,2025-04-26,23,55,2,64,875761,689951,159
1225,2025-02-02,21,81,2,8,2063125,1752311,12
1226,2025-10-31,26,81,6,65,1086637,841929,122
1227,2025-06-24,27,7,6,134,1042974,1008572,397
1228,2025-11-04,20,57,2,115,2478227,1929820,498
1229,2025-02-01,2,49,6,17,584923,447033,410
1230,2025-08-15,2,39,10,111,325944,252091,28
1231,2025-10-14,2,38,7,103,451941,403122,210
1232,2025-04-30,28,77,11,3,1951744,1636150,407
1233,2025-08-08,20,80,2,87,2780162,2684648,400
1234,2025-01-14,15,67,6,50,503012,389139,304
1235,2025-02-04,19,102,4,147,578405,518594,131
1236,2025-07-01,14,62,12,114,829819,668771,408
1237,2025-01-23,2,17,5,150,1878079,1630208,333
1238,2025-07-03,10,75,9,38,668278,573376,308
1239,2025-06-25,10,48,1,133,2509707,2261912,74
1240,2025-01-30,8,65,9,14,1820252,1509130,499
1241,2025-04-13,21,117,4,18,1482572,1176497,243
1242,2025-12-22,23,60,10,85,2476030,2179407,171
1243,2025-11-12,10,54,6,42,489763,418497,404
1244,2025-01-22,16,29,1,58,2957577,2374824,319
1245,2025-04-20,8,62,12,85,1626688,1296832,94
1246,2025-01-04,12,2,2,92,175902,154367,72
1247,2025-05-29,15,25,11,150,1559568,1185424,15
1248,2025-04-12,7,37,3,57,1148902,1051627,173
1249,2025-10-11,8,23,4,6,788522,744256,466
1250,2025-02-21,1,107,11,36,1639317,1476401,453
1251,2025-02-26,11,120,4,79,1963456,1581042,414
1252,2025-07-10,22,22,9,112,324213,251995,451
1253,2025-03-08,26,25,4,191,2290773,2083919,162
1254,2025-11-03,14,82,4,12,2633808,2331143,437
1255,2025-10-02,10,102,3,84,1086713,828346,407
1256,2025-05-24,28,17,9,150,2100975,1676839,41
1257,2025-08-29,26,85,10,17,752267,652201,384
1258,2025-11-27,25,66,6,128,2226392,1907531,164
1259,2025-12-31,12,68,12,124,2125308,1825563,297
1260,2025-07-25,21,118,10,10,919058,735697,103
1261,2025-08-20,28,31,7,56,1333452,1130440,193
1262,2025-10-20,6,120,6,66,2359182,1815377,384
1263,2025-02-13,10,57,9,91,1015434,897959,238
1264,2025-09-20,20,44,7,116,2011050,1708339,188
1265,2025-09-12,11,35,7,7,803153,683955,135
1266,2025-11-27,3,46,2,76,2154554,1870027,329
1267,2025-02-10,26,36,4,26,547393,419527,19
1268,2025-10-07,7,43,4,85,1098675,900501,417
1269,2025-12-16,28,36,4,36,2328034,2234558,4
1270,2025-06-03,10,106,6,104,1751874,1645058,387
1271,2025-12-02,1,61,11,132,676130,641686,116
1272,2025-04-27,24,96,4,122,1030306,894964,402
1273,2025-10-10,25,60,12,119,1478829,1378476,160
1274,2025-04-07,14,99,12,107,929062,790535,436
1275,2025-10-13,1,48,3,148,588320,482588,377
1276,2025-01-05,16,104,11,91,1475317,1183001,217
1277,2025-12-18,25,52,12,138,1306769,1078082,11
1278,2025-10-18,26,5,3,40,1435171,1263931,409
1279,2025-11-05,20,74,7,98,906496,877668,32
1280,2025-10-01,13,25,8,28,1429260,1259161,231
1281,2025-11-24,10,12,3,27,2880675,2526837,16
1282,2025-12-19,20,63,1,48,884661,677635,493
1283,2025-07-17,10,27,4,75,2816436,2452020,232
1284,2025-01-30,12,67,1,44,1420581,1346331,210
1285,2025-07-20,6,15,3,138,1804952,1552254,35
1286,2025-07-19,28,27,3,53,1349215,1146031,363
1287,2025-12-07,16,21,10,148,1351550,1196288,257
1288,2025-12-17,15,36,4,2,648493,552852,422
1289,2025-07-24,20,104,4,135,1429470,1371390,450
1290,2025-09-09,15,60,10,11,432112,352698,451
1291,2025-08-22,12,90,12,77,1690351,1506096,414
1292,2025-03-31,14,32,3,111,1970270,1652018,337
1293,2025-04-04,23,73,2,101,2980328,2883491,122
1294,2025-03-22,9,113,11,193,1783982,1611526,34
1295,2025-12-24,24,93,4,127,1775025,1736417,283
1296,2025-03-04,12,10,2,182,1984357,1675436,84
1297,2025-05-10,7,65,1,119,162062,124274,355
1298,2025-12-12,24,60,7,88,1724961,1633241,203
1299,2025-01-20,1,33,2,35,1422000,1285726,237
1300,2025-09-06,15,9,2,141,2805752,2260671,486
1301,2025-08-13,5,61,5,42,765502,721756,310
1302,2025-02-21,6,38,2,137,1689341,1332458,343
1303,2025-01-06,22,35,3,113,1551925,1227458,365
1304,2025-01-18,22,69,4,114,2972349,2261909,325
1305,2025-09-25,21,85,12,27,1688372,1534358,227
1306,2025-01-27,20,1,1,97,896150,863555,191
1307,2025-05-03,7,12,1,108,167206,163450,172
1308,2025-04-09,22,86,2,57,455183,424818,425
1309,2025-12-07,6,93,3,12,1793488,1556523,417
1310,2025-06-17,11,72,11,49,2670069,2129747,277
1311,2025-07-22,14,16,4,55,494115,411109,88
1312,2025-01-08,13,84,6,4,1682367,1344104,112
1313,2025-02-03,22,105,5,95,234293,179348,111
1314,2025-07-30,10,99,10,128,477037,435955,405
1315,2025-10-19,6,33,2,84,2696077,2453841,347
1316,2025-12-22,5,43,3,82,2844960,2449197,171
1317,2025-01-10,20,117,10,115,1653781,1434714,379
1318,2025-04-30,17,76,12,4,1025619,774218,388
1319,2025-03-05,10,31,12,154,1500105,1338913,30
1320,2025-03-12,12,64,5,72,960612,803477,328
1321,2025-01-20,8,119,12,114,1428625,1115586,162
1322,2025-11-26,26,98,1,134,1790189,1609470,147
1323,2025-01-13,8,109,12,85,1487507,1198510,276
1324,2025-01-28,22,32,11,57,2600401,2472259,266
1325,2025-06-14,6,57,11,2,321022,304993,35
1326,2025-04-09,2,82,3,53,576641,444650,303
1327,2025-10-09,27,102,4,61,2178292,1672879,371
1328,2025-08-28,10,22,12,51,1077289,913028,310
1329,2025-05-08,10,37,10,115,2715915,2162743,441
1330,2025-09-04,3,47,7,97,753661,646840,216
1331,2025-09-16,20,95,7,40,2071657,1563182,195
1332,2025-08-07,28,11,5,138,690884,606013,89
1333,2025-05-12,13,60,5,117,1237934,1035264,310
1334,2025-09-04,3,43,3,121,870891,684160,97
1335,2025-01-03,1,111,9,96,2111306,1779931,212
1336,2025-07-22,24,48,7,126,1341052,1203515,301
1337,2025-02-06,14,114,1,32,1664077,1604818,83
1338,2025-04-10,25,56,5,90,2187452,1997361,325
1339,2025-12-19,12,90,1,99,1828554,1680811,124
1340,2025-09-02,2,118,6,8,2975407,2687106,75
1341,2025-05-14,20,59,11,38,1116561,900959,296
1342,2025-12-06,27,21,1,30,437158,392660,469
1343,2025-07-16,13,91,10,21,2224901,2134321,448
1344,2025-08-05,6,107,7,65,2951773,2419008,495
1345,2025-09-30,22,114,7,79,1776413,1639747,473
1346,2025-02-15,4,82,10,89,648583,526568,107
1347,2025-07-23,23,40,1,44,2112436,1585093,35
1348,2025-12-23,14,68,7,74,1857533,1466050,191
1349,2025-04-06,23,18,4,125,813297,703990,56
1350,2025-08-19,19,105,4,48,892807,681716,93
1351,2025-04-09,9,116,7,113,2679146,2571935,55
1352,2025-11-22,6,11,5,22,1634308,1272597,32
1353,2025-06-25,1,75,4,123,2085052,1886440,51
1354,2025-01-05,2,35,1,150,225570,174201,267
1355,2025-01-04,13,78,9,69,2088122,1793369,172
1356,2025-11-06,14,44,6,88,1372144,1286899,481
1357,2025-07-04,22,52,7,15,1543294,1467375,412
1358,2025-02-21,1,59,12,103,632433,478060,62
1359,2025-09-29,9,90,4,95,1945481,1735798,337
1360,2025-09-01,17,53,11,49,63124,61660,490
1361,2025-06-14,1,82,6,12,1415351,1282200,119
1362,2025-11-07,16,52,12,21,1511018,1281979,476
1363,2025-09-01,22,110,12,26,1664213,1360641,99
1364,2025-12-31,5,112,9,147,2166599,1640768,254
1365,2025-02-14,10,107,11,141,2007913,1583544,228
1366,2025-03-01,16,85,9,86,1498992,1197211,385
1367,2025-12-04,23,12,2,112,172565,135783,475
1368,2025-06-17,13,99,5,57,1130572,1021092,487
1369,2025-12-10,4,86,3,137,2707293,2482168,46
1370,2025-12-21,11,112,4,148,2569432,1965290,175
1371,2025-07-13,23,96,12,98,2792737,2506993,287
1372,2025-08-12,26,30,4,67,535238,437249,57
1373,2025-02-15,11,95,10,49,536984,473487,65
1374,2025-06-10,13,74,12,1,1353585,1034455,274
1375,2025-04-08,28,50,7,82,1581020,1475770,478
1376,2025-03-06,17,85,10,79,695874,585175,275
1377,2025-08-24,11,19,5,57,2146450,1945532,75
1378,2025-11-04,10,19,12,9,2561886,2110051,257
1379,2025-12-19,4,36,12,147,2056063,1840480,110
1380,2025-09-11,10,91,7,16,1447309,1136313,366
1381,2025-04-18,28,94,4,14,800865,758466,372
1382,2025-07-20,10,105,11,41,140453,123040,172
1383,2025-08-05,22,61,6,101,1690237,1295599,372
1384,2025-05-25,10,90,4,141,1701601,1314288,165
1385,2025-10-25,28,104,1,78,1969030,1773241,295
1386,2025-03-12,15,90,8,105,920403,734708,411
1387,2025-04-11,24,84,1,93,2464585,1906228,402
1388,2025-03-17,13,55,11,61,400779,309437,498
1389,2025-08-31,6,7,2,132,2776707,2298701,222
1390,2025-03-18,21,93,7,88,269606,209571,203
1391,2025-09-08,10,89,10,45,2788028,2568877,397
1392,2025-12-21,26,86,11,23,1994788,1892906,332
1393,2025-07-15,9,81,11,114,1590664,1197242,59
1394,2025-02-12,4,63,11,131,993445,750345,293
1395,2025-10-21,16,36,12,25,2536714,2008195,247
1396,2025-11-27,23,56,5,147,575279,444616,32
1397,2025-10-03,6,52,12,6,1701702,1493913,274
1398,2025-09-29,16,9,9,150,2310653,2112311,404
1399,2025-11-30,4,97,4,31,807760,765967,355
1400,2025-04-03,1,72,8,81,566089,429663,294
1401,2025-04-16,21,21,2,144,1126931,1065889,17
1402,2025-02-13,4,65,5,94,2333492,1842218,500
1403,2025-12-03,1,32,5,12,2228702,2135235,150
1404,2025-12-04,18,57,3,148,2107066,1917163,267
1405,2025-06-30,20,69,9,54,2935388,2268385,419
1406,2025-01-23,8,5,4,37,1307071,1237664,110
1407,2025-03-10,20,71,4,128,1698873,1324361,318
1408,2025-08-05,3,71,5,67,1651311,1485266,83
1409,2025-07-24,15,11,5,109,2963008,2319875,104
1410,2025-02-06,21,94,5,50,1610877,1416988,331
1411,2025-09-19,20,21,7,40,1376911,1346981,222
1412,2025-07-14,1,78,4,20,1182987,921148,56
1413,2025-12-17,18,53,2,85,2735099,2107295,465
1414,2025-06-20,25,35,3,58,1197757,901034,193
1415,2025-04-24,13,14,2,45,2258199,2071932,156
1416,2025-10-29,27,104,8,25,2268619,1883514,292
1417,2025-05-25,18,35,10,26,251172,198243,484
1418,2025-07-19,6,45,12,137,2363878,2096196,435
1419,2025-07-26,16,76,3,67,89835,81564,365
1420,2025-03-21,22,17,3,135,3402730,3127609,27
1421,2025-11-24,12,91,4,108,1970096,1560540,181
1422,2025-08-28,17,37,5,110,2233532,2158900,451
1423,2025-04-28,10,82,2,79,1755046,1627336,432
1424,2025-02-16,21,11,2,62,442727,348858,29
1425,2025-02-13,24,37,9,127,94856,92133,217
1426,2025-12-13,17,120,12,35,2061822,1782435,350
1427,2025-12-13,18,90,2,104,108301,96576,466
1428,2025-01-04,23,55,12,137,1497289,1207072,378
1429,2025-12-05,27,113,9,11,2597509,2216168,86
1430,2025-12-12,25,68,4,45,365086,304635,68
1431,2025-09-21,12,7,7,127,1640038,1294336,496
1432,2025-02-27,11,117,11,64,2311231,2185681,439
1433,2025-03-02,10,39,8,106,1624623,1298082,377
1434,2025-11-20,19,51,4,79,2746826,2385815,457
1435,2025-01-19,15,115,10,125,291158,242191,315
1436,2025-08-24,11,39,6,28,71619,59474,369
1437,2025-04-06,13,46,1,26,1856922,1602840,43
1438,2025-09-28,17,116,3,106,569433,546664,3
1439,2025-03-21,25,85,5,81,2833954,2383164,153
1440,2025-07-06,14,115,3,138,1180288,914723,224
1441,2025-12-03,27,57,3,36,1533683,1413796,2
1442,2025-07-03,28,91,4,29,845101,689202,68
1443,2025-07-22,14,96,6,9,722399,652490,485
1444,2025-09-03,22,35,2,108,2101299,1841848,409
1445,2025-12-16,23,17,6,103,2154947,1976040,379
1446,2025-07-19,5,15,2,6,579000,454963,256
1447,2025-01-07,25,88,4,14,2895039,2723832,219
1448,2025-11-02,24,2,7,123,1264111,1030138,42
1449,2025-08-08,8,80,3,131,833748,673149,392
1450,2025-02-28,28,34,12,64,2844792,2670520,101
1451,2025-08-31,23,101,2,129,2613141,2068753,437
1452,2025-10-30,21,82,3,59,555250,433332,19
1453,2025-05-21,7,119,3,110,124077,110650,46
1454,2025-01-27,13,53,9,79,2986679,2675052,118
1455,2025-04-24,11,55,8,16,2188523,1856363,26
1456,2025-06-05,4,35,6,72,1522303,1390874,126
1457,2025-06-13,2,24,1,1,268651,242296,164
1458,2025-04-19,10,61,5,26,1857357,1471979,485
1459,2025-09-09,12,43,5,29,456374,412497,349
1460,2025-10-10,25,111,3,85,1562334,1438124,185
1461,2025-10-29,17,78,6,61,2777339,2259275,299
1462,2025-07-16,3,114,2,34,2690560,2477454,61
1463,2025-01-22,19,117,11,49,859196,783648,473
1464,2025-02-20,3,70,10,88,1314483,1205158,389
1465,2025-04-14,18,93,3,12,586166,465470,281
1466,2025-12-31,9,115,9,89,1585165,1352384,367
1467,2025-03-02,14,9,8,151,3145548,3032957,257
1468,2025-01-12,6,77,5,34,1264906,961900,289
1469,2025-02-01,26,89,4,102,2126289,1929564,445
1470,2025-09-20,3,22,8,131,1661243,1460855,199
1471,2025-07-25,20,35,4,48,65101,51221,111
1472,2025-10-31,23,2,9,117,2163164,1974500,268
1473,2025-05-13,10,110,4,76,1176232,1031549,87
1474,2025-04-25,2,69,4,75,213958,191944,482
1475,2025-05-23,5,35,1,64,930688,812450,0
1476,2025-11-29,12,81,10,95,1411311,1085505,361
1477,2025-10-09,9,93,3,105,2614741,2138402,29
1478,2025-11-17,27,2,6,57,1223104,967046,497
1479,2025-01-09,18,85,10,28,2936165,2460082,334
1480,2025-05-12,28,81,11,142,914693,857867,112
1481,2025-06-16,9,27,10,102,702807,599208,373
1482,2025-08-11,12,19,8,24,2130211,1686590,94
1483,2025-04-01,7,73,8,47,2766081,2253996,158
1484,2025-03-25,6,105,7,68,477835,374149,218
1485,2025-05-06,15,117,11,104,470411,431174,70
1486,2025-01-07,20,13,7,99,136888,106130,6
1487,2025-11-26,2,17,4,22,1172632,917943,321
1488,2025-11-04,1,102,1,28,2324865,2137272,173
1489,2025-12-29,3,26,3,123,2410769,2302886,417
1490,2025-03-25,10,43,8,56,1501651,1145536,354
1491,2025-05-17,21,70,2,6,236754,183164,151
1492,2025-02-22,17,114,7,37,55076,52861,12
1493,2025-04-27,14,50,3,91,2798798,2283748,471
1494,2025-12-17,13,88,12,29,2112845,1667031,56
1495,2025-04-25,4,37,6,20,2632419,2176370,184
1496,2025-02-13,2,78,3,46,1847797,1611298,307
1497,2025-04-03,22,55,3,78,2670426,2504964,178
1498,2025-02-23,9,118,8,95,1163172,1089270,364
1499,2025-02-09,26,1,3,38,1393251,1092294,228
1500,2025-09-02,27,9,2,148,1842868,1788880,142
1501,2025-03-16,3,42,3,65,2330832,1937154,253
1502,2025-08-06,16,89,7,86,629742,588489,334
1503,2025-05-06,13,54,9,128,2309669,2015803,272
1504,2025-10-02,27,30,7,22,2486739,2273953,269
1505,2025-10-23,25,89,12,57,2998987,2309422,185
1506,2025-01-02,7,109,1,93,2391992,2054728,68
1507,2025-02-26,2,117,6,93,634473,518859,73
1508,2025-10-10,14,32,4,58,284317,262085,60
1509,2025-12-23,23,19,7,7,2969749,2886388,190
1510,2025-01-28,23,14,11,149,359415,308978,304
1511,2025-03-22,1,19,6,51,533849,430474,6
1512,2025-10-19,27,105,7,39,815143,699430,71
1513,2025-09-28,23,39,8,106,1464893,1248255,330
1514,2025-12-22,1,37,2,40,301661,287382,16
1515,2025-11-06,25,23,9,42,95581,80399,216
1516,2025-12-15,15,71,12,67,2449415,2119798,363
1517,2025-04-27,14,120,3,70,435609,378955,500
1518,2025-03-06,24,28,7,21,1355424,1138863,421
1519,2025-10-14,20,108,2,120,2052428,1687164,328
1520,2025-07-27,27,49,3,14,1608092,1445238,99
1521,2025-05-19,4,14,2,93,2579962,2397102,171
1522,2025-01-15,8,37,3,139,496544,379867,305
1523,2025-01-06,25,117,5,49,2363961,1882651,475
1524,2025-01-17,8,35,2,146,2418929,1839162,404
1525,2025-09-05,2,7,6,24,1344382,1010908,182
1526,2025-05-25,13,65,4,81,1688468,1548170,498
1527,2025-03-08,23,87,2,118,2461596,2353772,257
1528,2025-02-21,17,104,3,7,2512792,2344676,244
1529,2025-10-28,28,110,1,75,726218,569974,237
1530,2025-02-10,21,12,12,60,954489,893133,334
1531,2025-03-14,25,92,3,180,3101730,3034187,311
1532,2025-11-30,17,120,6,115,600282,497018,184
1533,2025-11-16,28,56,1,100,1052902,840246,312
1534,2025-11-07,3,20,10,128,458550,428784,73
1535,2025-06-08,18,112,2,128,444742,380079,86
1536,2025-06-01,6,9,5,148,1573909,1308350,36
1537,2025-04-02,23,99,8,67,2035000,1984229,390
1538,2025-08-15,21,119,3,32,2435440,2100078,186
1539,2025-05-27,13,53,10,34,1898965,1584398,432
1540,2025-11-16,11,48,2,106,2172076,1853912,449
1541,2025-12-16,2,80,11,15,1076836,980934,287
1542,2025-01-05,5,110,2,75,1626310,1278909,204
1543,2025-02-07,8,50,8,24,1513551,1297343,328
1544,2025-10-01,27,60,2,22,806121,740268,469
1545,2025-07-23,25,56,4,103,1428754,1092751,175
1546,2025-11-06,16,28,12,122,529519,431042,19
1547,2025-10-07,5,61,3,55,1392960,1226762,307
1548,2025-07-14,2,120,6,111,2035623,1626639,108
1549,2025-01-12,25,88,7,70,1107263,992338,42
1550,2025-03-14,3,36,7,29,1821841,1732513,231
1551,2025-08-03,17,28,11,67,822080,773598,47
1552,2025-08-08,11,97,5,43,883011,733193,214
1553,2025-09-04,16,69,12,42,2972130,2527678,467
1554,2025-12-21,19,50,1,144,2554539,2032566,370
1555,2025-12-08,19,79,3,83,2835281,2769685,480
1556,2025-06-12,1,20,8,38,2144826,2034987,58
1557,2025-12-12,14,34,9,1,1939781,1875699,438
1558,2025-03-06,21,58,11,208,642205,487042,381
1559,2025-04-07,14,90,9,43,2570539,2151124,178
1560,2025-04-18,7,87,10,4,1602967,1502251,8
1561,2025-06-04,10,65,2,128,2771732,2715690,211
1562,2025-07-30,12,46,9,110,2244333,2186061,171
1563,2025-02-28,6,59,7,96,791952,694647,83
1564,2025-10-05,14,49,5,112,2709638,2208753,317
1565,2025-02-20,3,104,2,23,2774723,2091525,477
1566,2025-07-30,4,64,12,140,468180,419353,257
1567,2025-10-25,26,5,11,75,1814295,1449132,397
1568,2025-08-21,18,49,2,51,2019537,1956177,179
1569,2025-08-26,14,117,11,102,81898,79122,400
1570,2025-04-25,17,37,5,68,1339315,1262774,407
1571,2025-08-01,22,31,1,107,187047,140953,78
1572,2025-07-11,27,105,9,82,1455469,1148648,292
1573,2025-08-09,8,72,7,50,2634814,2366642,424
1574,2025-01-27,26,120,10,110,590521,570478,199
1575,2025-03-30,13,116,6,186,1000383,850928,50
1576,2025-12-30,26,17,9,31,2698455,2381912,200
1577,2025-11-18,9,108,9,41,1402263,1117414,47
1578,2025-01-14,14,2,11,40,166678,148703,278
1579,2025-02-10,19,49,1,34,1952981,1749727,398
1580,2025-07-03,6,31,11,57,1295383,1029286,430
1581,2025-05-06,24,100,7,67,2815127,2144851,42
1582,2025-03-15,21,3,11,208,677279,525239,474
1583,2025-11-02,4,14,3,73,1148885,1098057,47
1584,2025-02-09,16,109,6,54,1689134,1305961,407
1585,2025-01-12,14,10,8,20,932045,846378,192
1586,2025-06-10,21,117,8,42,804162,658378,462
1587,2025-04-02,22,73,11,9,541602,527769,177
1588,2025-09-05,20,77,9,2,714328,621466,130
1589,2025-03-04,7,78,1,193,205280,178416,389
1590,2025-03-20,7,111,6,42,1343980,1017103,70
1591,2025-04-23,3,94,12,33,1172356,953058,102
1592,2025-02-17,12,91,9,76,2008923,1851011,253
1593,2025-08-12,17,52,4,65,775444,616874,433
1594,2025-05-24,13,14,10,80,744799,694631,488
1595,2025-09-07,14,114,8,109,2551188,2351757,417
1596,2025-06-13,20,14,10,99,1850669,1473013,180
1597,2025-07-11,21,105,2,116,751493,717355,490
1598,2025-09-19,9,76,7,76,2582865,2428249,330
1599,2025-09-29,12,51,1,30,804573,753144,219
1600,2025-04-06,12,32,2,56,2805467,2343916,74
1601,2025-06-10,4,2,6,3,1429378,1142312,290
1602,2025-06-14,8,72,2,99,1239564,1101246,269
1603,2025-04-22,4,72,5,20,2457314,2347503,215
1604,2025-12-16,25,56,6,82,881103,700775,410
1605,2025-09-10,16,6,5,108,550208,428359,87
1606,2025-11-04,11,76,7,61,2467654,1862811,9
1607,2025-11-26,26,110,10,2,1986811,1620053,430
1608,2025-07-26,2,115,9,136,214082,177174,8
1609,2025-02-05,16,13,7,78,1202064,989242,177
1610,2025-07-24,3,72,6,127,2618258,1992040,152
1611,2025-12-23,15,64,11,32,1618275,1562722,52
1612,2025-01-15,8,7,1,36,490971,480422,441
1613,2025-12-19,24,56,4,44,419168,332805,461
1614,2025-07-08,27,116,9,2,2936693,2788811,132
1615,2025-01-23,4,7,5,20,1156151,954686,313
1616,2025-07-14,9,90,3,36,2497180,2137485,64
1617,2025-06-13,28,19,10,106,2721367,2320671,62
1618,2025-09-25,17,31,10,123,2823563,2435955,143
1619,2025-06-14,25,94,8,58,435034,352671,151
1620,2025-12-31,3,46,9,63,2816062,2531191,438
1621,2025-04-16,23,10,2,127,302777,241879,343
1622,2025-04-21,15,105,7,49,2095333,1621877,106
1623,2025-10-30,25,68,9,81,1357890,1239696,335
1624,2025-03-20,28,65,2,47,1354710,1301660,197
1625,2025-08-20,28,80,9,52,1728581,1371161,142
1626,2025-08-05,6,88,5,148,2769515,2142150,236
1627,2025-02-24,24,15,4,5,1982931,1572497,14
1628,2025-09-01,22,68,8,91,1163917,904613,281
1629,2025-02-13,12,56,4,39,1714836,1484197,260
1630,2025-06-20,2,57,5,95,460256,350393,195
1631,2025-08-05,7,38,4,104,790903,701239,271
1632,2025-11-08,16,67,7,28,2906994,2213589,127
1633,2025-02-26,8,15,1,10,2462691,1997786,33
1634,2025-09-30,4,36,4,104,1693781,1423391,112
1635,2025-12-21,9,64,4,44,903857,750161,147
1636,2025-12-28,20,37,12,1,445281,352915,464
1637,2025-12-25,20,62,12,79,2935412,2362661,161
1638,2025-12-15,3,22,3,86,1959315,1533402,6
1639,2025-12-08,16,55,6,6,794552,773977,451
1640,2025-02-09,6,87,1,91,2037387,1801307,250
1641,2025-05-07,16,15,1,5,2429289,2201933,148
1642,2025-04-27,17,65,3,38,443887,343123,411
1643,2025-06-21,15,63,12,90,2338894,1892605,249
1644,2025-05-10,12,59,1,91,1313047,1199253,456
1645,2025-09-23,25,85,10,124,522954,424683,265
1646,2025-11-24,1,19,7,57,2815585,2755444,182
1647,2025-09-12,1,32,10,111,1557516,1242042,45
1648,2025-04-10,13,82,2,71,2679374,2427846,460
1649,2025-08-19,17,23,5,90,1439135,1208781,213
1650,2025-05-22,10,25,1,149,2231364,2033714,427
1651,2025-11-10,4,56,8,146,1505414,1228920,496
1652,2025-01-05,16,119,11,38,2005877,1818552,267
1653,2025-05-29,20,72,11,42,1323581,1140886,33
1654,2025-05-31,1,59,1,56,1237060,1162661,63
1655,2025-01-28,16,40,1,111,1527466,1377557,0
1656,2025-01-26,9,18,6,73,2155512,1946481,393
1657,2025-10-15,5,12,12,70,648293,634717,100
1658,2025-08-10,19,118,2,75,967956,733121,477
1659,2025-07-01,8,104,11,99,1822358,1534053,462
1660,2025-02-20,9,118,5,80,776881,683421,347
1661,2025-06-15,26,75,3,52,1098661,858283,283
1662,2025-04-13,10,40,2,77,2426765,2337550,236
1663,2025-10-07,6,49,7,25,631371,549994,355
1664,2025-06-10,17,120,11,92,2014523,1675004,238
1665,2025-08-04,14,60,1,144,160822,156033,215
1666,2025-02-15,25,18,10,78,1067729,943310,191
1667,2025-03-07,20,70,10,106,384364,355047,201
1668,2025-03-06,13,86,1,166,3111757,2663199,27
1669,2025-02-13,2,35,11,28,1448730,1284586,420
1670,2025-05-29,19,62,12,85,305285,237490,299
1671,2025-12-12,17,95,12,14,2992609,2385602,73
1672,2025-10-15,24,64,3,58,2884010,2587313,79
1673,2025-06-04,21,40,12,2,2084049,1861978,102
1674,2025-02-28,3,1,3,31,2230293,1722407,104
1675,2025-02-23,16,4,9,114,1688772,1288195,62
1676,2025-06-03,13,62,3,61,2343106,1897593,313
1677,2025-12-15,15,110,11,32,1863422,1460245,11
1678,2025-04-05,5,105,12,62,766284,664865,358
1679,2025-10-07,7,61,8,75,1264037,1142099,491
1680,2025-10-29,16,48,11,71,1690766,1418111,409
1681,2025-02-24,15,54,7,38,167317,136394,61
1682,2025-10-16,13,2,10,78,192956,173346,457
1683,2025-12-03,20,57,1,91,634281,543971,370
1684,2025-08-23,9,2,3,92,2149829,2035550,257
1685,2025-04-18,12,116,12,135,1688397,1465529,89
1686,2025-12-02,5,46,11,145,1473089,1260493,439
1687,2025-03-13,9,101,11,109,2383158,1824756,429
1688,2025-11-27,16,49,8,47,2466082,2251421,259
1689,2025-12-04,17,34,3,83,2519824,2443460,178
1690,2025-10-27,20,107,7,18,238446,180453,375
1691,2025-03-23,8,13,11,39,3002687,2897214,243
1692,2025-06-15,25,30,12,61,492213,471024,89
1693,2025-07-16,25,54,2,16,2616509,2113122,19
1694,2025-02-07,15,98,6,8,780090,642690,357
1695,2025-08-19,13,18,11,147,2383996,1897515,129
1696,2025-09-09,15,87,5,58,893863,822975,222
1697,2025-09-28,26,102,4,23,2491537,1882545,491
1698,2025-12-09,4,27,1,36,71962,59922,208
1699,2025-10-18,18,111,2,88,827222,750243,490
1700,2025-11-25,17,64,4,54,2442305,2296602,256
1701,2025-06-30,12,80,9,36,331667,282229,320
1702,2025-07-12,28,10,10,21,583483,542609,152
1703,2025-02-21,4,64,4,14,2572830,2249486,11
1704,2025-04-25,27,38,5,100,2999742,2496739,446
1705,2025-03-22,10,10,9,207,1487497,1407521,477
1706,2025-11-09,17,40,7,15,2339845,2130263,56
1707,2025-10-26,16,120,5,8,185370,153440,133
1708,2025-04-13,11,114,1,36,906616,794041,375
1709,2025-06-18,25,85,1,61,2120120,1625643,485
1710,2025-10-16,20,90,1,89,346801,335869,306
1711,2025-11-10,3,114,9,123,593013,481655,21
1712,2025-02-23,2,64,9,58,2777710,2307052,244
1713,2025-06-05,26,109,4,6,282182,213346,400
1714,2025-04-11,18,78,7,5,2367336,2038039,198
1715,2025-07-13,23,17,7,110,2354958,1840840,224
1716,2025-03-02,20,116,6,127,1207091,1000580,470
1717,2025-01-30,8,30,2,3,1002635,847231,385
1718,2025-10-02,19,6,1,64,288587,221525,64
1719,2025-08-13,6,37,1,81,1516611,1347593,455
1720,2025-05-06,10,17,10,102,2057819,1854597,336
1721,2025-02-09,3,33,9,53,2125883,1939248,416
1722,2025-07-02,28,29,8,78,1589031,1476921,149
1723,2025-12-01,8,68,5,82,2976666,2603173,53
1724,2025-01-28,12,116,7,125,1223498,939698,466
1725,2025-03-12,27,67,4,110,3317028,2648570,190
1726,2025-03-14,2,31,12,158,3886276,3597775,487
1727,2025-02-28,1,64,1,70,1215879,1076411,153
1728,2025-02-13,2,36,10,99,2127679,1604983,195
1729,2025-07-16,15,6,4,53,1641012,1300367,220
1730,2025-09-30,2,85,5,9,2321421,2148449,479
1731,2025-01-14,20,97,6,68,2528660,2022435,14
1732,2025-06-24,24,107,10,112,1843271,1714243,475
1733,2025-01-30,26,14,9,100,2893610,2361493,480
1734,2025-10-01,15,55,10,146,2226478,1803053,491
1735,2025-07-15,15,96,4,34,113683,92601,349
1736,2025-05-21,3,32,9,76,1465713,1291804,19
1737,2025-11-12,9,47,5,65,2789010,2611516,311
1738,2025-01-07,4,40,10,83,1159466,1095633,227
1739,2025-08-25,1,57,1,120,205205,199490,245
1740,2025-11-23,28,72,4,105,295722,261211,40
1741,2025-05-22,20,71,6,17,1897337,1501466,392
1742,2025-05-22,9,112,8,33,1003864,898435,75
1743,2025-11-13,21,7,4,30,2795594,2121451,350
1744,2025-09-17,28,57,10,82,225974,198243,116
1745,2025-02-01,23,34,5,5,2895364,2734190,434
1746,2025-06-30,18,92,1,61,1516872,1175739,259
1747,2025-08-16,4,66,2,61,905813,747233,190
1748,2025-12-15,14,10,11,110,1237342,968725,167
1749,2025-11-07,26,47,6,105,2784594,2328434,482
1750,2025-05-31,20,4,3,95,237110,193695,76
1751,2025-10-30,1,14,10,55,1363260,1182605,399
1752,2025-09-18,26,75,12,89,951224,796301,298
1753,2025-01-17,22,93,3,98,2772992,2129775,39
1754,2025-04-25,19,65,10,141,1803555,1576239,62
1755,2025-09-28,26,7,10,121,2814875,2450695,225
1756,2025-06-12,9,25,10,76,1073531,886304,409
1757,2025-07-05,8,59,6,30,2956959,2381655,375
1758,2025-07-29,12,11,6,144,2170822,1666284,185
1759,2025-12-01,16,78,4,115,1806785,1450569,423
1760,2025-03-06,18,32,7,210,3980197,3111607,133
1761,2025-05-27,11,41,2,21,1763384,1493295,75
1762,2025-10-22,16,81,4,47,1954504,1472851,61
1763,2025-08-03,9,98,9,121,473605,368972,17
1764,2025-08-09,1,89,3,19,605232,525599,271
1765,2025-07-18,14,46,3,103,2973130,2610694,364
1766,2025-05-31,4,44,6,28,239740,183871,471
1767,2025-07-01,15,117,7,116,1877416,1532979,244
1768,2025-12-25,5,94,3,131,401438,315136,3
1769,2025-10-31,19,48,11,117,1641212,1351867,90
1770,2025-09-18,24,76,5,25,1024183,838181,174
1771,2025-01-25,19,67,9,149,2181662,2059783,218
1772,2025-05-27,11,50,6,46,650609,494231,483
1773,2025-04-18,14,67,5,148,2631499,2163893,177
1774,2025-05-26,6,16,5,71,2091098,1779421,453
1775,2025-03-28,10,118,5,39,1430398,1292049,72
1776,2025-02-19,7,71,9,44,164714,146205,20
1777,2025-10-04,18,103,4,2,2098355,1975550,13
1778,2025-07-09,7,37,10,110,1915729,1666311,425
1779,2025-08-21,10,118,2,31,1913969,1826773,252
1780,2025-05-15,3,111,3,72,2854796,2217566,181
1781,2025-02-10,24,102,4,20,1422022,1117776,171
1782,2025-05-22,15,81,12,132,2868914,2664419,361
1783,2025-12-19,11,115,1,111,471270,454513,406
1784,2025-09-24,11,25,9,10,2711273,2424625,125
1785,2025-03-12,19,49,4,71,1627766,1396829,248
1786,2025-04-06,24,64,5,34,882875,791053,45
1787,2025-09-22,28,93,12,55,63412,53893,251
1788,2025-10-13,20,27,12,46,212792,180059,134
1789,2025-11-11,13,81,10,61,2724769,2262108,271
1790,2025-12-03,6,113,5,60,1275222,1152334,250
1791,2025-11-19,13,77,6,140,2067288,1690929,112
1792,2025-02-27,25,98,5,108,1925579,1588297,339
1793,2025-08-06,4,23,8,82,2820811,2189269,356
1794,2025-07-23,23,17,8,126,2571023,2171899,120
1795,2025-01-15,10,35,9,56,1765494,1348810,395
1796,2025-06-15,9,87,6,106,1691559,1583429,217
1797,2025-07-24,9,117,1,69,2086357,1914197,173
1798,2025-11-22,27,6,5,115,1768874,1416693,448
1799,2025-03-27,18,27,11,40,3671336,3269224,66
1800,2025-11-06,18,3,12,6,1640430,1264374,360
1801,2025-06-20,12,99,9,17,2796982,2129396,107
1802,2025-07-05,18,26,3,138,1708957,1619640,117
1803,2025-05-29,26,21,6,85,1783905,1426395,375
1804,2025-05-08,1,5,1,135,480003,415368,405
1805,2025-09-06,2,21,5,78,151688,121790,395
1806,2025-12-19,8,5,5,32,1634846,1472527,67
1807,2025-05-19,28,11,2,19,2166066,1984302,390
1808,2025-08-01,1,2,12,139,2587016,2487064,48
1809,2025-10-29,26,51,4,80,1407808,1193518,380
1810,2025-01-12,10,36,8,52,468084,379514,335
1811,2025-10-23,16,49,5,110,440331,352757,208
1812,2025-10-15,9,62,5,137,2174807,1753462,8
1813,2025-09-12,24,51,6,140,504261,430650,295
1814,2025-01-13,13,99,4,115,1601144,1376448,55
1815,2025-11-26,10,43,3,22,450090,395630,106
1816,2025-09-08,19,32,2,37,1741122,1552719,242
1817,2025-09-25,24,108,10,60,297182,275340,129
1818,2025-07-30,10,95,6,39,203132,167366,289
1819,2025-11-03,14,112,1,69,2945736,2351055,287
1820,2025-09-08,18,64,6,61,1399886,1198464,247
1821,2025-09-21,18,110,12,21,490585,415972,39
1822,2025-07-12,5,97,1,42,2230782,2056946,85
1823,2025-04-12,15,112,2,10,1829149,1580187,320
1824,2025-09-26,16,18,12,141,1803837,1518584,151
1825,2025-03-02,14,38,12,98,3138016,2586192,455
1826,2025-07-10,19,84,3,37,1267173,1102881,104
1827,2025-11-11,23,48,9,65,2030173,1738766,479
1828,2025-06-19,24,93,3,43,2249402,2057007,242
1829,2025-01-06,11,54,3,39,2023392,1548746,500
1830,2025-01-03,10,90,4,52,2961036,2284690,234
1831,2025-06-19,4,8,10,120,2543322,1999010,179
1832,2025-11-22,18,114,4,89,2687469,2024335,98
1833,2025-05-21,10,106,7,150,1332409,1111859,392
1834,2025-07-26,9,72,9,52,374958,332327,52
1835,2025-04-21,9,23,5,145,479170,373341,267
1836,2025-10-28,21,99,7,85,2464475,2285936,303
1837,2025-11-06,9,104,12,122,927895,731796,401
1838,2025-04-29,7,12,10,38,651183,513072,447
1839,2025-01-01,11,10,1,36,2196247,2054949,217
1840,2025-12-07,16,42,5,129,541977,436496,201
1841,2025-07-13,25,50,12,122,1538942,1264556,267
1842,2025-06-12,17,11,10,55,746742,722445,426
1843,2025-05-23,23,19,7,144,1902401,1641242,403
1844,2025-05-09,22,16,9,112,2785072,2311836,12
1845,2025-07-07,28,60,11,89,1828711,1461449,286
1846,2025-04-08,13,48,3,3,871396,742149,269
1847,2025-04-10,1,76,5,85,444719,426725,468
1848,2025-05-10,17,118,1,70,190627,171347,328
1849,2025-09-03,13,6,12,65,1199968,1072546,497
1850,2025-10-20,27,4,12,121,2598233,2326497,251
1851,2025-03-30,16,96,11,196,680027,515993,14
1852,2025-11-10,23,20,12,46,602172,463100,427
1853,2025-03-03,2,57,11,22,1915204,1479340,278
1854,2025-05-23,28,25,11,5,1445298,1362298,434
1855,2025-06-12,23,22,10,94,2215688,1668987,340
1856,2025-07-26,14,108,11,16,322440,256138,389
1857,2025-09-14,5,94,5,22,773874,659326,141
1858,2025-11-08,7,89,9,105,775481,694923,431
1859,2025-01-02,10,36,9,90,543730,450498,290
1860,2025-12-23,3,73,8,23,537636,516744,93
1861,2025-02-14,6,41,10,6,760245,708099,111
1862,2025-11-23,12,59,2,64,1340932,1263936,328
1863,2025-04-08,24,97,12,34,1352277,1030796,361
1864,2025-05-27,6,36,3,145,1373474,1160882,427
1865,2025-04-07,9,114,4,46,1287035,1042049,225
1866,2025-05-16,3,63,6,149,1575104,1307710,328
1867,2025-09-25,15,107,11,44,204061,197617,299
1868,2025-07-17,5,69,10,54,2995187,2545268,330
1869,2025-12-16,26,37,4,88,2984560,2903239,282
1870,2025-05-18,3,66,4,67,965427,827919,16
1871,2025-03-01,17,85,11,67,2860443,2237316,300
1872,2025-06-15,12,73,7,9,1402126,1277752,322
1873,2025-07-03,28,116,1,41,1817512,1561904,172
1874,2025-11-28,4,24,6,79,732604,628115,95
1875,2025-01-12,15,104,10,117,2539632,2241154,222
1876,2025-07-24,16,107,4,65,1615376,1434803,247
1877,2025-12-14,13,39,1,60,2176347,1686248,218
1878,2025-05-18,19,52,10,8,737974,640419,472
1879,2025-06-03,20,90,9,51,2432315,2244845,66
1880,2025-12-06,11,101,1,24,1347187,1256061,72
1881,2025-06-27,15,51,3,118,53536,48261,102
1882,2025-03-30,10,40,2,67,1456875,1380076,223
1883,2025-02-16,24,32,3,143,1619751,1216655,81
1884,2025-06-26,4,61,9,101,2980894,2381356,241
1885,2025-12-09,13,107,8,63,451918,379223,162
1886,2025-03-10,13,99,6,102,4032145,3701450,217
1887,2025-11-02,13,69,2,89,2098117,1896848,496
1888,2025-10-28,1,29,10,46,1036322,865225,174
1889,2025-09-14,27,1,10,102,374092,336115,70
1890,2025-09-13,7,6,4,78,1876202,1447218,196
1891,2025-12-01,6,55,3,73,1354814,1136645,420
1892,2025-09-04,2,34,7,46,735948,619366,264
1893,2025-02-24,15,104,2,89,2927567,2689012,335
1894,2025-07-27,26,104,1,42,1388091,1082169,259
1895,2025-07-16,22,59,1,125,2792308,2710721,205
1896,2025-08-05,25,7,5,109,1134852,1044829,59
1897,2025-11-06,26,103,8,129,1613742,1500184,364
1898,2025-06-21,28,69,6,29,800107,780559,272
1899,2025-07-16,28,87,2,39,79178,65522,478
1900,2025-12-29,19,34,4,132,2627484,2410334,232
1901,2025-08-11,2,60,5,11,559823,531617,235
1902,2025-07-07,2,114,10,95,1108335,939770,345
1903,2025-06-01,25,105,1,139,1170867,926281,182
1904,2025-08-02,1,58,6,77,2717504,2060388,57
1905,2025-07-02,24,5,9,102,1092816,863656,273
1906,2025-02-18,5,94,3,127,1858166,1775152,176
1907,2025-08-23,23,80,4,135,2436845,2084566,39
1908,2025-06-17,12,5,3,26,1651859,1433657,371
1909,2025-02-10,11,119,11,78,1822218,1534617,94
1910,2025-05-12,24,84,12,21,1867959,1815631,406
1911,2025-04-09,19,34,5,132,2311390,2187675,124
1912,2025-12-22,26,7,6,147,2033563,1625829,478
1913,2025-08-12,9,96,12,48,1211209,1048131,23
1914,2025-11-06,13,117,3,73,1193700,896661,106
1915,2025-01-10,26,54,11,34,1202463,975705,306
1916,2025-11-22,11,13,4,58,125803,114867,113
1917,2025-02-02,20,37,12,118,2515890,2130395,304
1918,2025-06-18,18,50,8,143,102710,85134,163
1919,2025-06-27,27,57,3,119,2142851,1710952,357
1920,2025-03-29,22,50,5,145,259468,234029,292
1921,2025-02-10,21,63,9,89,398513,317908,271
1922,2025-07-09,10,38,6,116,2879063,2468789,79
1923,2025-11-16,19,22,10,91,2419330,2054621,391
1924,2025-01-12,25,37,9,126,1034481,865152,275
1925,2025-03-09,13,78,2,35,2393851,1915584,56
1926,2025-10-20,10,23,3,103,2357162,1989347,384
1927,2025-04-22,14,116,10,72,1389675,1288527,322
1928,2025-02-24,22,114,11,82,2156818,1883321,200
1929,2025-04-26,28,52,8,119,1250759,1175728,230
1930,2025-03-22,28,23,7,103,89595,78172,171
1931,2025-08-26,21,23,11,26,1657900,1464649,214
1932,2025-08-03,14,25,11,8,2645753,2120741,312
1933,2025-11-14,17,11,10,147,1764527,1707113,166
1934,2025-11-09,8,22,10,121,2920426,2251421,189
1935,2025-01-12,24,77,11,100,2365496,2052321,98
1936,2025-03-24,15,48,12,86,1098843,943465,364
1937,2025-04-13,11,17,5,17,179561,143219,236
1938,2025-08-24,8,88,10,114,1064533,993478,498
1939,2025-08-25,17,83,2,85,718012,578946,369
1940,2025-02-05,1,96,1,105,2230062,2183170,441
1941,2025-07-17,3,101,7,67,2303773,1791934,397
1942,2025-11-07,21,69,12,7,1889290,1625896,371
1943,2025-01-31,10,104,7,11,1574097,1325183,474
1944,2025-09-19,21,84,8,110,570332,441341,433
1945,2025-05-15,25,106,10,29,758642,632925,336
1946,2025-06-23,5,117,4,124,931160,755018,168
1947,2025-11-25,23,10,8,126,1076465,994767,175
1948,2025-06-01,23,57,6,116,2984174,2415157,140
1949,2025-11-01,2,98,3,38,2238500,1827374,113
1950,2025-07-09,19,47,12,75,1336236,1292543,81
1951,2025-10-18,21,40,8,113,2873935,2350368,380
1952,2025-12-22,5,19,10,75,1661563,1344504,116
1953,2025-01-15,28,28,10,78,672281,594547,132
1954,2025-07-06,24,66,12,133,1752235,1506403,460
1955,2025-03-29,12,83,3,180,1915554,1667236,193
1956,2025-09-06,21,22,9,124,785627,676675,194
1957,2025-01-08,22,9,6,58,1347332,1074468,76
1958,2025-05-23,20,100,12,31,2776283,2207968,255
1959,2025-08-24,19,117,11,4,2248311,2150669,379
1960,2025-04-14,12,86,1,103,2677320,2068854,168
1961,2025-09-17,3,35,9,137,2305399,2191746,496
1962,2025-01-29,15,73,9,64,1076313,870625,378
1963,2025-04-04,23,120,11,63,1007727,915637,233
1964,2025-04-01,2,78,5,142,1213821,935871,97
1965,2025-02-02,5,67,5,16,921291,739193,299
1966,2025-10-25,16,60,2,138,264256,217571,324
1967,2025-02-07,7,62,2,114,399747,343577,51
1968,2025-10-05,19,28,10,125,1308127,1152388,297
1969,2025-08-09,28,116,2,114,2745374,2182033,412
1970,2025-11-22,20,97,8,1,1105906,1021358,307
1971,2025-05-19,16,81,3,85,2177740,1875370,145
1972,2025-11-27,10,34,9,64,1480854,1204402,287
1973,2025-09-15,10,81,8,29,814119,701887,163
1974,2025-09-18,16,64,3,46,324976,300570,344
1975,2025-06-05,4,119,8,88,2725475,2474732,421
1976,2025-04-04,7,100,2,60,944294,774940,156
1977,2025-06-13,25,68,8,27,2922034,2393187,312
1978,2025-04-18,19,87,3,83,705937,560611,202
1979,2025-03-29,28,21,10,57,1982408,1923020,242
1980,2025-12-01,20,101,7,69,1009336,973559,241
1981,2025-06-05,12,19,5,86,1534504,1443543,161
1982,2025-08-19,10,55,10,101,1799543,1352005,481
1983,2025-07-26,2,53,6,36,1966334,1821653,9
1984,2025-12-27,7,27,11,66,1286467,1211191,12
1985,2025-06-14,14,102,7,84,2390707,2100938,102
1986,2025-04-21,20,65,8,71,498096,382098,82
1987,2025-06-16,24,62,12,121,242937,225854,199
1988,2025-12-19,23,63,4,72,2594704,2295810,30
1989,2025-02-21,2,82,6,71,2306098,1925530,472
1990,2025-05-26,4,61,3,19,1411242,1375609,375
1991,2025-07-31,27,20,3,77,2457900,1956485,45
1992,2025-08-13,8,42,10,140,2821138,2285024,271
1993,2025-05-30,23,3,3,18,2982872,2725219,160
1994,2025-07-04,25,58,12,55,822339,677518,116
1995,2025-08-24,12,43,4,67,1121048,996423,477
1996,2025-01-12,5,16,11,106,1842355,1549698,249
1997,2025-01-25,27,68,1,132,1616465,1218372,223
1998,2025-01-17,17,112,6,138,2113637,1722632,170
1999,2025-11-21,3,95,2,145,436477,425160,399
2000,2025-02-27,18,21,9,23,2457216,2364270,312
2001,2025-11-29,7,97,2,111,1211255,1038184,455
2002,2025-03-19,21,43,2,65,3874131,3418151,232
2003,2025-09-28,25,89,12,111,140108,118018,150
2004,2025-01-04,20,107,7,5,85810,68802,218
2005,2025-03-19,9,110,4,210,4030905,3734992,272
2006,2025-08-23,21,86,4,148,1537490,1468988,366
2007,2025-10-23,5,25,3,53,1343865,1064025,13
2008,2025-10-01,20,109,1,33,2315243,1922020,35
2009,2025-06-17,28,41,4,54,895997,734425,217
2010,2025-05-19,8,120,4,91,164489,128561,460
2011,2025-08-14,4,107,7,7,1912071,1815573,437
2012,2025-04-17,13,7,8,113,1724274,1371981,394
2013,2025-07-14,19,105,2,24,784409,679723,296
2014,2025-09-22,4,21,4,31,2101469,1934082,183
2015,2025-06-12,14,25,4,24,2176135,1812214,130
2016,2025-09-18,4,59,1,2,1643957,1536745,204
2017,2025-02-21,12,47,5,17,1870952,1810270,333
2018,2025-06-03,8,90,2,100,2027033,1527664,493
2019,2025-05-21,24,83,6,12,640288,605011,90
2020,2025-10-17,1,17,9,40,638126,580609,390
2021,2025-01-20,2,77,4,76,1609039,1435323,421
2022,2025-03-22,14,23,3,186,958908,882820,414
2023,2025-12-09,6,47,2,42,175745,151920,156
2024,2025-07-26,21,48,5,83,169446,157610,169
2025,2025-01-15,16,5,12,37,1759826,1338690,193
2026,2025-11-03,24,68,3,41,469913,354049,459
2027,2025-04-25,3,54,2,29,2045185,1752354,212
2028,2025-10-02,15,18,10,1,1356235,1165732,460
2029,2025-05-12,5,42,11,139,1583365,1536003,342
2030,2025-02-19,16,64,12,147,873287,680239,263
2031,2025-03-08,26,19,4,30,626603,573323,144
2032,2025-11-11,4,32,4,65,824380,756704,154
2033,2025-06-18,23,60,11,134,2218054,1957983,452
2034,2025-05-17,25,116,3,84,1820084,1521949,74
2035,2025-10-24,24,120,1,99,2700297,2055045,101
2036,2025-04-04,1,19,11,9,1047528,824649,165
2037,2025-01-06,19,62,8,89,837473,749206,418
2038,2025-10-23,13,58,4,117,2655973,2152520,225
2039,2025-03-02,24,36,11,184,2050928,1697283,456
2040,2025-04-06,9,44,8,141,1963928,1772537,342
2041,2025-06-25,25,67,5,17,1582691,1342277,13
2042,2025-10-06,5,13,4,118,516142,401384,364
2043,2025-06-01,5,112,6,79,1948194,1656583,481
2044,2025-02-12,28,65,3,102,2192889,1742956,430
2045,2025-12-15,8,100,1,51,1534517,1336383,399
2046,2025-03-19,19,111,9,189,345956,323143,185
2047,2025-10-04,8,89,9,43,1620649,1274660,348
2048,2025-03-26,21,82,10,81,962847,841902,489
2049,2025-11-09,14,110,4,72,255152,247646,485
2050,2025-07-25,10,50,9,108,2048778,1757115,69
2051,2025-06-03,1,10,5,143,2852299,2343646,472
2052,2025-11-10,20,9,1,106,638474,499971,421
2053,2025-03-24,25,104,4,141,1006252,904217,200
2054,2025-10-30,7,32,6,19,999192,970787,141
2055,2025-03-13,13,16,12,210,4017864,3153720,227
2056,2025-03-14,22,36,6,4,3809049,2959544,159
2057,2025-09-26,4,99,11,121,1023838,923396,152
2058,2025-03-05,18,96,10,163,972392,745039,386
2059,2025-06-24,9,6,7,66,523275,467905,218
2060,2025-10-27,6,113,12,125,1270990,1018909,52
2061,2025-02-15,24,78,10,93,1062054,1008901,340
2062,2025-09-11,27,90,7,108,287617,257921,442
2063,2025-05-24,27,93,12,71,1105583,991996,168
2064,2025-08-03,22,108,5,92,398518,300073,365
2065,2025-09-06,8,75,8,57,2529187,2149218,136
2066,2025-02-23,25,106,12,125,2401623,2136309,289
2067,2025-07-12,20,67,11,98,226585,201294,302
2068,2025-11-26,4,74,2,31,1050820,875292,344
2069,2025-12-30,20,54,7,11,1506700,1354267,225
2070,2025-08-24,19,111,9,10,1722238,1613783,321
2071,2025-08-10,22,117,1,56,2427876,1921833,322
2072,2025-06-18,4,38,7,8,1965216,1857854,129
2073,2025-07-03,27,88,6,91,1093127,889395,401
2074,2025-01-25,11,59,12,68,723572,577524,394
2075,2025-10-08,21,42,12,103,1511879,1405477,88
2076,2025-09-13,28,12,6,91,2635380,2302779,412
2077,2025-04-27,11,107,5,26,429301,385114,160
2078,2025-11-15,16,82,3,98,897874,728064,362
2079,2025-09-06,12,44,8,93,717806,696731,165
2080,2025-01-09,4,25,10,80,2172818,1979551,286
2081,2025-06-01,25,72,9,46,1719212,1533964,38
2082,2025-04-12,3,12,12,104,1154654,904701,174
2083,2025-09-30,12,51,3,99,484639,457669,376
2084,2025-05-31,20,73,2,83,992983,845806,20
2085,2025-05-06,18,20,11,71,160558,138679,426
2086,2025-12-22,8,32,4,113,2767468,2592151,74
2087,2025-01-07,10,32,1,124,1891089,1598614,282
2088,2025-10-18,7,53,3,133,2486452,2093373,294
2089,2025-07-18,24,34,12,94,1155439,981201,186
2090,2025-05-01,11,70,6,20,2957487,2309600,440
2091,2025-12-26,8,102,9,149,590078,455671,469
2092,2025-09-17,23,61,9,81,489595,458098,309
2093,2025-04-27,24,45,12,142,989372,847907,294
2094,2025-01-28,15,80,8,128,2529097,2150547,488
2095,2025-03-29,1,72,8,201,3888445,2967799,177
2096,2025-09-02,28,91,3,17,2910544,2420160,488
2097,2025-05-22,19,33,12,8,2557097,2206483,360
2098,2025-03-10,13,28,11,162,1889301,1650929,345
2099,2025-06-05,11,30,10,131,1757677,1376566,276
2100,2025-12-15,19,41,1,14,1553026,1374603,396
2101,2025-02-06,20,9,9,106,726152,666961,127
2102,2025-11-04,25,98,3,47,173679,156200,253
2103,2025-03-03,11,12,2,145,3440558,3135083,350
2104,2025-07-18,26,53,7,122,630950,596166,93
2105,2025-02-19,10,46,3,111,1107023,957493,94
2106,2025-05-14,13,26,4,90,2764659,2476005,173
2107,2025-08-20,25,13,9,66,135566,129091,31
2108,2025-10-13,2,88,6,25,756795,567897,270
2109,2025-01-07,1,42,7,79,165987,155033,290
2110,2025-10-16,12,110,2,45,840551,753462,255
2111,2025-04-04,18,28,6,25,2915469,2798562,307
2112,2025-07-11,19,23,8,46,2177890,1707978,419
2113,2025-08-16,1,80,1,138,554503,518824,159
2114,2025-05-30,4,45,11,47,2525085,2194936,460
2115,2025-02-21,16,25,10,40,2621912,2521230,480
2116,2025-08-21,22,71,7,115,538139,486371,33
2117,2025-06-23,8,47,3,62,2108430,1672655,206
2118,2025-01-22,12,8,8,26,2230382,1719444,335
2119,2025-06-14,17,73,10,137,2238054,1881448,279
2120,2025-11-26,7,37,6,35,1928647,1785175,149
2121,2025-11-17,14,52,7,97,395564,341295,251
2122,2025-02-23,11,72,8,100,1333027,1152337,402
2123,2025-05-28,25,88,12,15,2262705,2129633,96
2124,2025-02-15,10,115,10,147,2326613,1837727,160
2125,2025-01-25,18,4,1,78,1664393,1320354,493
2126,2025-10-03,2,106,11,112,2182278,1899708,91
2127,2025-09-18,12,88,12,12,949649,733783,486
2128,2025-04-06,8,92,6,19,903994,780972,292
2129,2025-11-24,20,2,1,98,914151,874909,59
2130,2025-05-29,1,116,4,85,792634,774426,423
2131,2025-04-27,12,118,7,12,704013,550949,126
2132,2025-11-15,22,34,7,147,2676432,2197993,481
2133,2025-12-01,24,117,5,105,2945249,2215864,421
2134,2025-07-31,13,36,4,125,1112943,988326,320
2135,2025-12-21,13,6,12,115,590596,533001,114
2136,2025-02-06,21,15,2,41,2099071,1606408,274
2137,2025-06-17,6,95,5,102,1244566,1086929,145
2138,2025-10-19,9,14,2,102,897778,869541,284
2139,2025-09-12,7,17,9,10,2016948,1734834,57
2140,2025-04-28,2,107,7,48,400677,370780,412
2141,2025-02-04,8,56,10,95,1887560,1736214,226
2142,2025-11-02,25,6,11,129,842595,780888,371
2143,2025-06-12,2,73,1,40,1481715,1404194,128
2144,2025-03-31,12,60,4,15,1691280,1416291,484
2145,2025-05-30,17,9,4,48,2680724,2130365,336
2146,2025-08-13,1,112,8,18,1080859,960215,147
2147,2025-10-13,6,19,9,82,287872,223277,33
2148,2025-07-29,17,69,1,44,1399124,1168528,73
2149,2025-02-23,22,30,1,98,64348,56589,416
2150,2025-07-18,25,73,2,58,2685224,2035654,279
2151,2025-02-07,1,84,8,147,2754445,2310408,351
2152,2025-11-12,13,58,12,61,2914211,2514466,128
2153,2025-06-26,21,59,8,40,1955150,1707597,184
2154,2025-04-25,5,37,11,45,1679284,1645366,451
2155,2025-03-24,12,95,1,155,1830771,1433706,235
2156,2025-07-30,23,113,9,59,1737078,1352759,320
2157,2025-06-30,7,52,7,107,1981818,1820682,227
2158,2025-07-18,15,47,6,84,2840778,2391205,370
2159,2025-09-29,7,32,4,49,2433986,1934430,447
2160,2025-12-04,26,80,6,119,2349340,2228022,405
2161,2025-07-29,12,83,5,55,1697646,1328418,55
2162,2025-10-05,21,58,5,106,263430,209654,172
2163,2025-10-10,6,85,7,133,1861032,1472955,226
2164,2025-01-13,23,27,7,146,2847573,2248552,381
2165,2025-12-15,19,99,3,103,2462014,2289248,101
2166,2025-03-19,14,41,8,88,836621,774211,249
2167,2025-06-11,20,120,10,136,2684382,2554084,346
2168,2025-02-19,26,9,2,6,86359,83046,445
2169,2025-01-28,11,110,2,81,1546092,1231758,77
2170,2025-04-20,10,108,2,93,2664023,2555135,298
2171,2025-08-17,16,44,12,45,1265262,1037192,410
2172,2025-10-15,6,116,3,42,1791415,1392361,466
2173,2025-11-13,14,21,9,142,2686885,2305348,143
2174,2025-12-20,28,116,4,30,2834468,2742184,465
2175,2025-08-16,4,97,1,35,1647816,1415057,244
2176,2025-03-29,25,3,10,130,2659189,2352119,93
2177,2025-08-18,1,63,11,146,1492122,1423020,43
2178,2025-07-09,3,23,3,77,2891108,2430067,76
2179,2025-02-26,26,86,4,83,1276202,1165968,485
2180,2025-02-12,12,78,8,5,2658279,2538499,213
2181,2025-03-28,12,109,5,70,3084831,2512460,266
2182,2025-01-13,16,41,3,14,2773802,2232702,156
2183,2025-05-15,15,56,6,11,1194359,1101795,388
2184,2025-12-03,15,85,2,86,2362211,1788703,446
2185,2025-11-16,1,95,10,5,1319659,1105286,463
2186,2025-08-29,13,50,1,70,2972826,2486122,187
2187,2025-09-20,28,101,7,105,1484991,1158943,177
2188,2025-05-14,18,25,8,73,1168505,898767,230
2189,2025-12-10,3,104,11,82,2184025,2088011,11
2190,2025-03-07,26,98,2,88,506963,400873,33
2191,2025-03-20,19,103,4,32,512817,385750,6
2192,2025-06-24,28,117,10,19,705333,623538,494
2193,2025-08-24,21,112,6,28,2619284,2037947,360
2194,2025-03-13,7,118,12,29,1159699,894234,487
2195,2025-02-16,1,56,11,60,931722,709506,40
2196,2025-07-18,11,81,9,50,2046673,1919854,362
2197,2025-09-11,20,91,3,121,1258225,1155377,303
2198,2025-02-01,15,24,9,2,383691,303286,101
2199,2025-05-15,5,113,9,148,844172,769034,359
2200,2025-02-08,7,24,6,59,731253,614818,428
2201,2025-10-31,10,77,7,130,2736850,2232291,218
2202,2025-05-09,27,45,12,62,2275291,1710122,455
2203,2025-12-16,9,37,3,17,308451,235792,176
2204,2025-01-31,20,97,7,21,2877107,2663682,366
2205,2025-08-17,1,96,11,23,1385458,1226507,469
2206,2025-07-05,23,88,10,17,2437402,1975174,429
2207,2025-06-13,15,46,12,123,1603752,1387132,390
2208,2025-09-08,11,70,12,49,1006769,891053,21
2209,2025-12-20,12,53,8,119,1410497,1357451,433
2210,2025-07-26,15,112,8,116,690406,540366,384
2211,2025-07-17,14,4,3,82,1649948,1613063,323
2212,2025-03-18,13,47,1,156,3955942,3790715,77
2213,2025-10-31,6,28,2,5,1691196,1452105,138
2214,2025-06-22,7,3,8,101,714026,585365,489
2215,2025-10-09,9,30,4,125,2595208,2378398,221
2216,2025-08-11,28,21,8,16,1532138,1487906,34
2217,2025-06-15,23,62,10,75,643400,517348,482
2218,2025-09-11,26,28,7,126,104390,101266,323
2219,2025-03-23,11,81,5,154,3661487,2848728,66
2220,2025-09-29,10,44,12,96,2937839,2787252,189
2221,2025-10-17,16,9,1,115,1601928,1355087,107
2222,2025-06-17,23,30,6,122,1226633,1076553,295
2223,2025-06-19,23,25,3,83,2703659,2383608,466
2224,2025-04-28,23,76,10,61,1094797,944125,240
2225,2025-01-10,11,66,2,99,672247,600605,41
2226,2025-09-28,16,60,10,69,330705,282217,398
2227,2025-04-09,26,99,5,37,1575814,1489124,30
2228,2025-08-31,8,29,11,1,1422436,1183351,317
2229,2025-09-05,18,19,5,82,2082969,2034259,309
2230,2025-10-02,7,106,11,49,2556462,2273126,151
2231,2025-02-01,24,114,4,135,2164471,1763967,404
2232,2025-07-12,14,90,1,77,1144662,912267,151
2233,2025-01-13,1,84,11,108,380132,317328,397
2234,2025-03-17,15,81,7,200,991780,879296,388
2235,2025-06-10,4,120,5,117,1207415,960486,310
2236,2025-08-21,10,21,10,33,1403936,1361683,63
2237,2025-01-27,28,42,9,123,1596951,1249778,425
2238,2025-07-12,18,4,11,112,2760897,2276341,91
2239,2025-06-17,20,108,1,73,1409013,1240060,291
2240,2025-01-21,17,8,12,34,2133212,1631249,34
2241,2025-03-13,5,14,9,58,1450005,1118138,184
2242,2025-07-02,11,11,7,88,341825,295085,279
2243,2025-02-01,17,54,11,102,2963307,2328111,421
2244,2025-02-15,27,27,8,41,533389,493617,444
2245,2025-05-14,8,31,1,143,151607,115535,431
2246,2025-12-24,8,62,1,11,968556,895392,486
2247,2025-03-20,28,18,9,114,1966371,1650042,324
2248,2025-12-10,13,3,9,75,2114550,1597348,365
2249,2025-12-23,14,71,2,11,889382,787657,106
2250,2025-04-28,19,63,1,90,2993664,2300763,451
2251,2025-07-08,17,116,3,102,942457,739846,3
2252,2025-11-18,24,80,5,69,2383134,1992512,198
2253,2025-03-23,27,26,10,92,2034107,1617171,459
2254,2025-05-14,13,16,11,74,1944356,1471154,308
2255,2025-11-30,22,66,7,53,825241,640320,198
2256,2025-02-24,24,120,4,52,2441621,2244366,152
2257,2025-12-20,22,28,10,78,1563885,1339732,331
2258,2025-11-17,8,73,5,56,2193706,1657294,6
2259,2025-04-21,27,24,6,53,2145443,2076280,198
2260,2025-06-17,15,51,10,43,2112264,1817477,305
2261,2025-05-27,26,86,4,20,2635244,2041444,0
2262,2025-01-16,20,7,1,71,50039,41021,195
2263,2025-10-18,6,13,1,95,953069,856358,497
2264,2025-08-05,24,113,6,20,1224315,1035797,11
2265,2025-06-02,25,5,2,78,644912,522654,476
2266,2025-04-15,4,118,11,8,2048606,1618713,57
2267,2025-02-14,24,31,8,149,2964699,2603635,138
2268,2025-01-12,23,73,8,17,2951625,2317786,33
2269,2025-07-23,22,49,1,10,2136345,1814765,238
2270,2025-07-31,6,2,10,12,2804022,2143653,394
2271,2025-05-24,23,37,12,123,900179,841169,12
2272,2025-12-10,9,112,4,61,2942707,2510239,0
2273,2025-11-29,2,112,10,112,2394382,2320141,250
2274,2025-04-29,23,109,12,13,1251739,1043609,306
2275,2025-07-08,15,106,8,140,737424,616376,461
2276,2025-07-10,24,71,9,38,1395160,1282284,177
2277,2025-07-28,6,75,7,96,2010770,1962929,392
2278,2025-05-30,5,105,11,127,2884136,2522816,184
2279,2025-08-10,3,78,5,36,1445881,1391928,330
2280,2025-08-27,15,97,9,43,229330,190113,470
2281,2025-11-17,5,77,6,139,2703725,2545186,81
2282,2025-10-21,5,105,4,102,392856,369045,450
2283,2025-02-27,17,70,1,134,485432,428324,130
2284,2025-10-09,22,22,12,59,2918948,2665709,171
2285,2025-09-08,4,42,12,96,2350368,2269264,267
2286,2025-12-03,27,51,4,148,1522764,1404688,352
2287,2025-02-24,8,82,11,117,703058,662210,458
2288,2025-04-07,23,1,9,28,2127031,1665894,36
2289,2025-12-22,10,31,7,78,927633,811356,49
2290,2025-04-08,1,3,1,76,557827,444939,423
2291,2025-12-15,3,9,5,116,548924,464961,183
2292,2025-12-05,13,2,12,77,1489357,1249841,106
2293,2025-06-05,14,80,10,123,2714304,2419543,21
2294,2025-12-14,16,5,8,82,1524285,1154096,358
2295,2025-08-31,28,103,7,138,461070,390628,300
2296,2025-11-14,12,88,8,7,1643698,1247393,249
2297,2025-02-14,16,33,9,24,397979,320946,425
2298,2025-11-20,4,59,7,87,1062415,944306,240
2299,2025-01-18,11,40,9,116,958298,853992,48
2300,2025-01-06,22,17,10,8,2173553,1852342,257
2301,2025-04-03,15,36,12,145,1678136,1567883,274
2302,2025-12-01,24,7,5,150,543537,494939,251
2303,2025-03-31,15,38,3,11,1267550,1125911,218
2304,2025-02-26,22,20,2,51,2072267,1785956,2
2305,2025-07-18,25,96,11,46,1630076,1239006,93
2306,2025-04-25,11,111,11,150,2119264,1700939,227
2307,2025-12-25,4,13,3,36,603643,555521,484
2308,2025-11-06,19,4,8,128,1587949,1481076,220
2309,2025-01-11,23,68,12,95,2712678,2373597,214
2310,2025-08-31,2,36,7,143,2994601,2536782,33
2311,2025-02-14,9,113,11,92,2040723,1718911,470
2312,2025-05-05,5,16,1,42,412293,363311,340
2313,2025-04-11,15,85,9,96,2387772,1935268,34
2314,2025-12-03,6,75,7,30,2397411,1819979,103
2315,2025-03-17,10,18,12,141,135728,113404,261
2316,2025-01-07,4,68,11,69,2506070,2185341,155
2317,2025-03-12,11,118,4,172,1324034,1050479,243
2318,2025-09-02,16,28,2,45,1676792,1470877,321
2319,2025-10-05,28,103,2,38,2847946,2219118,261
2320,2025-03-16,28,98,2,172,3084607,3015725,37
2321,2025-10-17,6,32,11,106,2674055,2228012,115
2322,2025-05-15,14,8,7,11,1394222,1295992,14
2323,2025-04-09,22,93,6,101,1936716,1722670,443
2324,2025-04-26,24,117,3,123,2629059,2545873,260
2325,2025-07-28,21,112,11,41,1062255,943032,147
2326,2025-09-12,25,10,7,8,1800352,1377731,43
2327,2025-12-27,25,19,11,11,1599883,1301984,143
2328,2025-08-26,21,104,6,78,2295172,2040908,470
2329,2025-06-07,28,61,9,125,1669394,1542864,429
2330,2025-12-19,19,89,9,147,625740,536850,46
2331,2025-12-21,16,44,9,133,2635229,2359094,128
2332,2025-11-19,9,120,5,74,2543236,2207806,160
2333,2025-06-15,8,73,4,90,1334915,1060088,171
2334,2025-09-23,22,53,5,68,2557189,2167179,337
2335,2025-04-07,25,79,3,76,846775,768900,185
2336,2025-12-31,18,71,6,53,1990664,1759353,88
2337,2025-03-02,24,93,5,89,1278074,1134380,324
2338,2025-06-22,6,114,11,128,1622858,1308828,247
2339,2025-05-19,19,59,9,88,663794,536735,36
2340,2025-05-10,4,49,9,101,63703,48752,415
2341,2025-05-11,16,59,9,150,1212206,1051658,215
2342,2025-04-12,9,7,7,126,2546750,1973370,223
2343,2025-07-18,11,16,3,47,565549,471162,410
2344,2025-01-28,2,109,2,72,500726,438712,137
2345,2025-03-07,26,13,12,152,1273134,966544,338
2346,2025-10-18,2,2,2,87,2668755,2443249,145
2347,2025-08-09,8,30,4,147,1168770,1125999,181
2348,2025-05-02,5,3,9,150,1378410,1275498,87
2349,2025-07-16,7,70,10,5,722748,557217,379
2350,2025-11-11,9,104,8,32,451326,364050,208
2351,2025-04-24,8,59,10,43,777892,747596,143
2352,2025-02-24,1,31,11,79,1875332,1656511,307
2353,2025-07-17,15,28,4,26,393920,332453,227
2354,2025-08-15,5,95,7,98,146580,128182,139
2355,2025-04-16,22,63,7,135,1485663,1224302,255
2356,2025-09-17,20,50,8,53,1614312,1264391,39
2357,2025-11-04,27,90,11,97,756243,704255,106
2358,2025-04-22,11,46,7,71,1093398,999841,460
2359,2025-04-29,13,77,8,7,2929356,2827153,124
2360,2025-11-27,23,9,8,6,1681038,1481803,184
2361,2025-07-15,1,63,7,115,1828962,1409354,130
2362,2025-06-28,8,35,6,67,2057103,1617628,112
2363,2025-10-27,21,67,10,136,870876,822592,195
2364,2025-07-06,2,98,4,24,715861,552105,356
2365,2025-10-11,2,33,2,135,1120157,956852,150
2366,2025-03-14,28,56,5,67,1415213,1194689,85
2367,2025-09-24,3,30,2,14,2451696,2207906,401
2368,2025-04-01,10,71,8,109,754333,606737,413
2369,2025-04-11,20,92,2,18,475765,386264,400
2370,2025-04-02,18,16,8,142,1597407,1463764,78
2371,2025-10-01,6,32,1,84,770558,713737,262
2372,2025-01-11,17,65,1,101,616017,485674,240
2373,2025-03-21,28,17,4,133,3439746,3199397,236
2374,2025-05-06,15,23,12,29,1091088,858991,310
2375,2025-01-22,3,49,3,1,1254614,1073921,409
2376,2025-09-08,22,97,7,141,2321085,2128513,455
2377,2025-09-26,15,83,9,91,2589723,2286255,428
2378,2025-07-27,25,33,9,105,750010,649302,255
2379,2025-03-06,26,5,4,26,3592030,3515822,431
2380,2025-06-02,4,78,7,98,1626824,1332188,12
2381,2025-06-11,16,26,1,56,1876776,1742148,384
2382,2025-03-17,15,111,10,50,3881362,3619622,202
2383,2025-05-06,5,3,4,113,1110823,957483,238
2384,2025-12-31,15,48,4,119,596996,504840,26
2385,2025-05-06,5,115,11,26,1289073,1077701,179
2386,2025-08-27,13,114,11,111,377673,335220,181
2387,2025-09-20,18,62,1,123,334187,277733,99
2388,2025-06-08,17,22,1,26,662112,609936,287
2389,2025-05-19,2,4,9,56,2695240,2344457,12
2390,2025-08-18,13,43,10,118,1505112,1344076,145
2391,2025-07-08,2,103,9,150,567148,540612,388
2392,2025-09-07,14,98,9,10,2844748,2643455,373
2393,2025-10-17,17,9,3,97,1434758,1294068,225
2394,2025-11-22,9,19,3,51,440865,393199,141
2395,2025-07-21,8,6,1,78,100812,97718,99
2396,2025-08-03,19,25,7,39,1840596,1612036,130
2397,2025-04-18,1,9,3,10,1163619,1067346,402
2398,2025-02-03,8,60,3,127,529144,406590,235
2399,2025-06-25,20,94,6,121,1132480,999662,280
2400,2025-06-19,21,86,6,135,702626,634880,427
2401,2025-10-29,17,88,5,63,998746,936258,222
2402,2025-09-05,9,43,9,77,2142430,2086159,207
2403,2025-01-27,19,39,5,28,670639,588588,432
2404,2025-04-23,8,60,3,26,2975030,2602282,185
2405,2025-07-31,24,52,7,146,1439208,1178408,124
2406,2025-03-25,20,62,11,23,1913563,1842777,29
2407,2025-08-12,13,105,7,40,1787376,1535052,15
2408,2025-06-20,12,16,5,61,2090612,1990668,251
2409,2025-07-22,19,28,7,111,1036128,845363,312
2410,2025-03-26,11,21,10,117,3554730,2974153,42
2411,2025-02-21,3,11,12,3,679339,593936,252
2412,2025-02-17,26,104,12,39,265410,199184,90
2413,2025-01-17,5,38,6,92,2843650,2506846,20
2414,2025-03-26,10,43,2,14,3492588,2685588,20
2415,2025-11-11,1,106,4,44,1689403,1587302,251
2416,2025-02-25,9,76,5,135,350661,330082,145
2417,2025-03-12,3,60,10,93,994221,892807,358
2418,2025-09-21,4,64,10,58,2940009,2396843,201
2419,2025-06-23,22,21,12,122,1947958,1621700,260
2420,2025-06-06,10,84,12,103,1803091,1686975,120
2421,2025-06-08,22,42,4,62,1984776,1556472,79
2422,2025-01-19,3,8,10,31,669414,518638,229
2423,2025-03-06,5,93,2,102,2023788,1837957,296
2424,2025-05-03,23,62,7,105,564299,543911,342
2425,2025-12-10,18,94,10,78,929847,888920,335
2426,2025-01-18,12,21,7,50,1497394,1145795,16
2427,2025-05-10,13,24,8,119,2811233,2733381,401
2428,2025-12-30,28,42,8,35,1421152,1309470,362
2429,2025-08-05,22,41,10,48,81200,77132,84
2430,2025-05-09,14,12,8,86,671460,510085,71
2431,2025-05-03,17,78,8,72,898320,822663,213
2432,2025-01-20,25,2,11,93,1488491,1390322,190
2433,2025-06-22,1,14,8,129,896046,715532,170
2434,2025-12-15,22,110,12,130,1196915,1043829,455
2435,2025-09-28,19,79,10,51,1874260,1737502,374
2436,2025-01-21,15,93,10,141,1267158,1107397,386
2437,2025-08-22,2,37,6,5,1758492,1557221,494
2438,2025-02-02,16,107,7,119,2603326,2294926,472
2439,2025-06-11,27,76,4,116,1160234,950307,333
2440,2025-01-20,27,30,11,149,1115948,938296,2
2441,2025-09-29,8,6,4,116,1052354,885351,220
2442,2025-01-25,3,103,5,138,2342379,2263161,8
2443,2025-09-14,28,94,11,79,2567609,2317426,254
2444,2025-10-25,7,69,11,142,1256102,1167327,437
2445,2025-05-01,13,72,12,85,793384,694500,102
2446,2025-01-08,22,55,2,85,2763056,2228369,245
2447,2025-01-11,4,17,12,67,758932,683961,343
2448,2025-05-12,14,21,7,53,737477,614413,391
2449,2025-05-28,10,70,12,141,2730255,2090762,79
2450,2025-03-04,28,120,1,86,457448,425011,406
2451,2025-05-19,6,15,8,87,559352,483899,427
2452,2025-10-01,15,66,2,124,2851788,2541810,402
2453,2025-02-12,12,101,2,91,789869,662867,96
2454,2025-10-07,9,93,1,23,316057,248840,175
2455,2025-03-24,17,105,12,191,1210172,1040867,473
2456,2025-11-20,12,4,6,100,1863623,1442110,262
2457,2025-07-26,7,22,4,124,2509348,2313565,34
2458,2025-04-27,27,85,8,143,1970375,1653289,328
2459,2025-07-08,7,116,1,10,1949639,1546567,292
2460,2025-07-01,1,86,6,87,1792874,1653816,3
2461,2025-06-11,28,60,2,35,452558,401314,287
2462,2025-03-01,19,18,8,177,3320665,3251300,371
2463,2025-06-24,4,80,1,82,1081956,889122,420
2464,2025-08-06,10,5,2,15,1309151,1182044,70
2465,2025-12-23,9,105,7,40,1227207,1016356,210
2466,2025-02-08,17,47,2,128,1343460,1235828,208
2467,2025-01-12,1,37,6,48,440390,418364,476
2468,2025-09-26,20,77,2,93,525525,405645,135
2469,2025-06-20,11,114,2,47,2467644,1971231,409
2470,2025-02-10,8,7,5,80,2357741,2177641,467
2471,2025-02-10,26,92,9,148,2946092,2579583,464
2472,2025-10-10,22,39,2,104,220865,181492,449
2473,2025-08-04,3,85,6,69,268328,209694,48
2474,2025-10-29,1,14,8,11,2018064,1889281,207
2475,2025-10-05,4,34,3,144,1088408,836835,86
2476,2025-04-05,21,118,10,27,2695930,2525593,240
2477,2025-04-22,24,91,3,44,2912394,2525707,208
2478,2025-01-03,22,67,5,148,836641,722280,121
2479,2025-01-31,14,28,10,100,857285,805638,149
2480,2025-06-26,5,52,10,106,2475698,2020571,127
2481,2025-11-12,28,114,2,108,1119544,1006601,254
2482,2025-01-01,4,52,10,49,1110891,1009798,295
2483,2025-04-05,27,83,10,31,2864477,2312261,364
2484,2025-01-21,8,32,12,12,352825,320130,68
2485,2025-04-22,9,15,10,1,2784069,2222653,56
2486,2025-12-23,1,53,2,88,915425,780699,75
2487,2025-11-28,26,16,6,84,1774390,1485353,265
2488,2025-12-15,9,57,11,52,2713599,2126269,199
2489,2025-06-30,7,112,11,63,2104845,1815323,140
2490,2025-08-12,2,33,1,111,1994405,1568557,400
2491,2025-01-31,24,59,9,75,904966,764771,451
2492,2025-05-28,5,37,5,46,1837412,1703064,242
2493,2025-09-29,3,76,8,90,1321694,1187115,230
2494,2025-04-13,23,111,5,123,1688273,1370906,245
2495,2025-04-23,15,116,3,5,1033232,928256,196
2496,2025-04-23,18,66,11,38,510636,414414,189
2497,2025-09-25,9,89,2,70,2811084,2442243,158
2498,2025-07-26,1,9,10,28,1061774,1015818,129
2499,2025-05-06,25,86,9,148,2272642,2186327,321
2500,2025-09-12,17,1,3,6,1423117,1318878,394
2501,2025-10-11,14,73,6,1,2067540,1642632,55
2502,2025-06-06,24,98,7,65,2969348,2776507,300
2503,2025-04-13,21,52,11,145,2415679,2010048,194
2504,2025-08-30,20,26,4,84,242113,229351,182
2505,2025-08-30,25,31,9,86,2118423,1699701,490
2506,2025-10-15,1,89,2,27,2420448,2314100,118
2507,2025-07-30,28,6,4,120,1779562,1553638,378
2508,2025-02-07,4,88,9,113,619256,495880,109
2509,2025-04-22,12,13,1,66,99064,95219,209
2510,2025-03-03,9,83,10,162,1297748,1001213,472
2511,2025-05-02,20,16,2,65,2559550,2235728,322
2512,2025-05-04,2,61,12,71,2319433,1828684,387
2513,2025-12-23,24,1,8,56,1777252,1695707,51
2514,2025-02-15,17,75,4,148,1214632,910999,356
2515,2025-06-28,12,97,8,143,2968979,2338925,378
2516,2025-02-19,21,74,1,71,857590,677132,80
2517,2025-04-30,24,6,12,46,871479,819428,101
2518,2025-03-09,10,59,1,162,1394876,1244631,16
2519,2025-03-02,24,117,12,74,2222932,1987834,450
2520,2025-06-03,27,88,7,40,2935333,2244213,461
2521,2025-03-23,16,49,1,61,2269282,1720296,89
2522,2025-12-17,27,115,7,28,405791,375687,108
2523,2025-02-07,5,54,2,112,1011574,921471,85
2524,2025-05-17,23,67,12,143,2890138,2520486,461
2525,2025-10-30,19,43,8,41,2542547,2218512,290
2526,2025-04-21,15,55,3,114,1220946,1004372,310
2527,2025-04-20,24,103,1,51,1752116,1433183,395
2528,2025-10-02,15,119,2,149,533802,498153,64
2529,2025-01-28,8,95,12,137,524647,461067,202
2530,2025-11-29,19,92,12,35,271592,236048,275
2531,2025-04-29,26,17,4,13,2182451,2067675,278
2532,2025-02-07,8,69,9,22,1472338,1282064,47
2533,2025-05-13,9,43,9,35,797886,606492,251
2534,2025-04-16,5,103,4,23,2222461,1742407,226
2535,2025-02-06,14,93,11,140,386202,355182,164
2536,2025-08-24,6,88,5,87,175661,133083,5
2537,2025-01-14,25,86,12,7,177286,136374,84
2538,2025-11-23,19,11,2,49,2066536,2002908,50
2539,2025-08-13,26,115,9,96,290113,270129,383
2540,2025-11-06,1,93,3,91,1362162,1140375,58
2541,2025-09-16,21,38,5,67,718045,552578,416
2542,2025-03-17,20,86,10,194,2869654,2341787,267
2543,2025-02-09,5,23,5,129,2657409,2474874,160
2544,2025-07-14,16,6,9,112,2010051,1519674,306
2545,2025-01-26,1,85,5,63,1635009,1356127,174
2546,2025-02-15,12,93,9,71,2273128,1783247,193
2547,2025-10-16,4,31,7,39,1179984,1023856,164
2548,2025-07-09,22,7,6,80,764020,710983,192
2549,2025-01-22,18,92,1,121,272452,229826,123
2550,2025-07-30,20,110,10,143,1979479,1766013,402
2551,2025-01-09,25,80,11,135,824966,642587,31
2552,2025-05-18,26,7,2,101,1110383,1046010,63
2553,2025-10-12,17,95,1,67,2673866,2456361,492
2554,2025-11-26,6,71,8,128,1094446,950638,193
2555,2025-04-07,17,83,2,103,1173232,945287,344
2556,2025-02-03,5,90,7,76,766685,667013,330
2557,2025-12-09,22,94,5,105,1298169,1020979,124
2558,2025-08-03,25,92,3,95,2265939,1924018,53
2559,2025-06-08,25,33,2,119,221038,207569,149
2560,2025-11-20,13,21,6,96,1268914,1204507,21
2561,2025-04-06,13,101,4,95,1475772,1291297,95
2562,2025-05-31,7,111,12,6,2854581,2196484,193
2563,2025-06-07,14,102,5,75,2201594,1942715,417
2564,2025-09-29,17,118,1,58,507033,423233,284
2565,2025-12-24,17,67,3,71,1440626,1320857,68
2566,2025-08-27,20,107,12,16,2875609,2611913,19
2567,2025-05-29,22,82,1,75,1051671,838252,110
2568,2025-04-17,25,106,6,50,2257095,1826610,161
2569,2025-12-29,4,51,12,57,643142,601574,46
2570,2025-02-18,23,77,8,135,2006433,1837667,403
2571,2025-03-05,18,7,10,71,1485723,1317038,323
2572,2025-12-14,7,64,4,35,1748670,1570526,115
2573,2025-01-21,14,110,1,20,401756,386155,313
2574,2025-09-16,16,98,6,100,449749,385072,256
2575,2025-07-28,25,71,12,135,85156,64076,94
2576,2025-04-17,27,4,1,28,1453365,1350300,57
2577,2025-10-09,5,108,10,135,105030,84676,193
2578,2025-06-20,16,82,12,128,1156822,1061650,421
2579,2025-11-02,4,93,7,1,2654906,2406480,200
2580,2025-07-08,20,102,6,35,293039,224918,309
2581,2025-02-06,26,16,9,148,1253078,971181,149
2582,2025-04-26,8,51,9,123,1488437,1403231,300
2583,2025-03-13,25,53,4,61,995888,962593,310
2584,2025-11-05,17,19,2,62,1942855,1580035,172
2585,2025-08-03,3,12,5,10,2966790,2734145,374
2586,2025-05-31,5,67,9,105,229740,216140,322
2587,2025-01-11,25,102,6,61,2115172,2041534,219
2588,2025-08-11,26,96,1,133,2959531,2284984,382
2589,2025-03-07,14,100,1,15,1202940,1144249,28
2590,2025-09-24,7,47,7,102,2597735,2001106,446
2591,2025-01-14,13,20,11,117,354839,292276,381
2592,2025-04-19,4,23,4,66,1478300,1229698,418
2593,2025-08-09,17,71,3,112,2449315,1898263,320
2594,2025-09-06,14,98,9,37,2655412,2120339,268
2595,2025-05-16,10,96,1,30,1065441,873577,283
2596,2025-01-03,26,68,8,50,1487007,1217325,244
2597,2025-12-08,18,95,9,35,1758999,1337908,119
2598,2025-11-27,12,79,12,32,273977,211940,189
2599,2025-08-20,23,89,1,13,2178187,1818123,289
2600,2025-10-25,23,9,5,74,2457897,1946184,8
2601,2025-08-20,9,75,3,104,2557566,2333567,319
2602,2025-11-17,14,99,10,147,1626504,1545184,336
2603,2025-06-01,27,71,11,117,426038,406655,151
2604,2025-03-16,18,101,6,208,2325437,2084658,291
2605,2025-05-08,5,43,10,27,1284834,969912,256
2606,2025-06-08,19,80,4,45,848493,657515,429
2607,2025-04-25,10,100,3,111,1745388,1535418,491
2608,2025-01-29,14,80,12,6,2390038,2052528,203
2609,2025-11-24,4,59,7,8,2742474,2335648,383
2610,2025-04-21,10,72,12,59,2231011,1984591,166
2611,2025-12-10,22,78,6,63,2231912,1745043,459
2612,2025-10-15,25,3,5,1,1495704,1452036,454
2613,2025-12-06,4,19,12,145,2608554,2216890,15
2614,2025-10-09,26,109,3,104,2526787,2338577,278
2615,2025-12-13,5,56,11,69,442156,411305,195
2616,2025-10-21,13,45,7,19,958620,722257,246
2617,2025-08-07,4,87,11,38,848119,793553,160
2618,2025-10-20,11,119,2,65,855477,794533,204
2619,2025-10-05,5,31,10,80,2185031,1775419,460
2620,2025-01-21,28,4,3,123,988411,741530,341
2621,2025-09-21,14,77,7,100,312584,306220,59
2622,2025-07-18,17,26,2,21,2853116,2266705,313
2623,2025-06-21,27,106,1,13,327757,274101,28
2624,2025-11-10,21,36,2,76,2691832,2394391,439
2625,2025-06-14,2,59,7,46,2690470,2340751,446
2626,2025-10-26,15,83,7,37,260970,239542,112
2627,2025-11-23,9,35,1,127,1898218,1616939,144
2628,2025-07-20,6,8,12,115,636072,583268,390
2629,2025-07-30,22,17,10,36,1495149,1128054,408
2630,2025-02-17,24,112,8,122,1662597,1599934,82
2631,2025-10-17,23,120,10,18,1155391,872584,479
2632,2025-09-26,22,69,5,18,869015,691423,232
2633,2025-04-29,3,120,3,81,1551053,1418331,87
2634,2025-04-14,12,118,7,28,2009548,1758912,40
2635,2025-08-26,1,27,3,27,379649,337383,0
2636,2025-07-14,4,29,7,61,2202912,2148489,162
2637,2025-03-09,15,64,9,205,2095644,1752955,97
2638,2025-04-22,15,10,11,140,1294568,1062364,303
2639,2025-01-26,24,22,10,83,250427,195933,202
2640,2025-05-31,17,6,2,111,1205076,982733,27
2641,2025-05-02,15,27,11,65,476206,400785,273
2642,2025-02-25,5,116,8,128,2848759,2472950,468
2643,2025-04-06,3,2,3,24,2111816,2018222,301
2644,2025-10-02,27,24,2,50,1145125,995649,498
2645,2025-08-03,6,74,9,88,2110686,1963804,351
2646,2025-11-07,15,30,7,60,2312239,1863425,58
2647,2025-09-21,6,70,11,82,1763059,1334117,117
2648,2025-10-21,25,58,12,6,2117062,1970327,301
2649,2025-10-06,24,82,7,104,2905252,2798438,60
2650,2025-08-21,16,90,1,104,2132322,1714959,207
2651,2025-09-23,25,104,3,4,1581282,1464019,192
2652,2025-10-04,5,11,11,44,806857,646694,178
2653,2025-06-17,22,21,2,101,2896871,2754616,187
2654,2025-01-08,25,43,9,115,489986,444883,207
2655,2025-10-19,5,94,2,134,2781757,2579024,89
2656,2025-02-07,19,18,6,146,1719041,1672370,386
2657,2025-11-01,2,72,10,137,2909936,2362166,220
2658,2025-11-16,20,70,5,140,117806,114178,64
2659,2025-01-20,28,43,1,59,2827944,2668464,221
2660,2025-11-03,23,89,5,130,1274181,1145648,152
2661,2025-11-07,11,109,12,132,2371718,2122186,331
2662,2025-02-13,10,45,8,140,2178755,1863518,414
2663,2025-01-19,23,84,8,24,1547105,1488994,120
2664,2025-10-06,13,58,7,123,872036,762187,497
2665,2025-12-03,6,4,10,116,1203014,1007527,39
2666,2025-11-11,3,93,11,119,2125753,1892769,252
2667,2025-07-16,18,20,10,148,1880665,1629286,367
2668,2025-03-20,27,107,3,114,3100651,2736836,252
2669,2025-01-20,26,83,9,82,2908681,2532323,204
2670,2025-11-26,6,88,11,61,1596359,1216314,137
2671,2025-01-16,22,115,6,100,1647774,1511615,169
2672,2025-12-18,15,73,1,8,2872813,2237087,143
2673,2025-10-05,6,100,12,88,1620889,1315698,93
2674,2025-09-26,13,59,10,101,872533,682566,423
2675,2025-11-10,10,24,11,64,2708974,2624663,349
2676,2025-09-30,24,74,5,101,981962,932124,99
2677,2025-10-07,19,120,2,88,1748278,1377323,40
2678,2025-12-17,22,118,6,48,2285732,2114632,369
2679,2025-09-05,6,117,6,100,753298,732796,87
2680,2025-07-26,19,29,12,57,1490009,1299050,400
2681,2025-12-18,12,14,4,130,495479,435419,200
2682,2025-07-09,12,4,11,126,2226571,1804536,197
2683,2025-10-14,11,3,10,83,2095848,1944508,147
2684,2025-05-14,8,1,4,79,2684558,2398200,449
2685,2025-12-12,17,106,10,20,524782,503891,306
2686,2025-09-05,6,7,4,134,1449283,1280955,137
2687,2025-01-20,3,108,6,54,1704781,1399187,166
2688,2025-05-31,15,14,6,84,898495,696029,373
2689,2025-03-30,12,80,4,151,2864236,2627660,486
2690,2025-09-26,4,31,7,115,1380937,1050247,491
2691,2025-11-14,9,109,3,28,1238996,1200077,405
2692,2025-02-14,2,100,6,46,1965257,1647031,270
2693,2025-03-04,23,76,9,170,3367057,2571868,375
2694,2025-03-09,25,62,1,98,2189721,1707650,432
2695,2025-09-21,17,72,6,103,732788,699623,478
2696,2025-06-19,18,104,7,107,294817,285906,442
2697,2025-10-26,17,54,8,138,1904727,1551007,441
2698,2025-03-27,5,64,12,121,3065955,2537309,379
2699,2025-12-09,9,70,11,87,2517598,2132536,186
2700,2025-06-12,26,92,10,74,795642,688602,155
2701,2025-11-11,4,11,12,110,1443745,1091241,477
2702,2025-01-04,2,6,3,79,1612393,1446329,300
2703,2025-11-28,8,10,4,34,2745471,2613126,452
2704,2025-03-01,26,42,6,25,1293399,971706,174
2705,2025-09-04,2,67,4,109,2380129,2189184,349
2706,2025-02-21,10,39,5,134,2251136,2007763,197
2707,2025-10-28,20,92,8,37,2145409,2084290,353
2708,2025-04-24,14,58,11,113,1277539,1147132,76
2709,2025-01-04,5,47,9,43,1597003,1303505,486
2710,2025-02-05,17,28,3,140,494014,454256,97
2711,2025-02-02,5,26,10,37,2755946,2071449,156
2712,2025-11-16,3,8,7,3,426862,371159,212
2713,2025-05-15,16,21,4,142,1992743,1652684,272
2714,2025-03-26,25,61,7,186,581404,524999,90
2715,2025-04-03,12,62,8,83,1141947,1052612,185
2716,2025-10-15,21,35,8,35,1639262,1287793,292
2717,2025-01-17,11,19,10,24,2192988,2056657,437
2718,2025-12-09,24,59,7,142,1061200,973967,200
2719,2025-01-28,18,112,3,113,557216,500628,89
2720,2025-02-02,15,88,4,51,1907650,1776134,372
2721,2025-04-22,19,84,10,48,172752,142509,88
2722,2025-03-21,19,73,10,77,2488922,2371341,489
2723,2025-02-21,24,55,6,150,366094,328489,120
2724,2025-10-11,18,19,4,43,1413578,1272592,359
2725,2025-05-06,26,74,9,53,1393031,1222896,157
2726,2025-05-17,14,16,8,119,2118218,1695292,413
2727,2025-07-21,10,32,1,147,1445126,1170608,129
2728,2025-10-23,26,100,8,30,806906,770960,309
2729,2025-10-26,15,1,3,147,781195,664978,82
2730,2025-01-29,11,32,11,120,2260398,2168744,368
2731,2025-02-27,7,63,12,84,629968,556452,285
2732,2025-09-23,8,17,3,8,2882080,2660541,50
2733,2025-03-10,26,47,7,19,3287748,2608306,19
2734,2025-01-23,9,98,9,126,2594180,2429427,351
2735,2025-08-27,17,65,9,146,1888656,1568230,107
2736,2025-12-21,24,93,12,96,2849059,2473829,94
2737,2025-05-02,21,69,7,16,219608,174908,142
2738,2025-06-04,8,119,7,21,2451934,2321228,293
2739,2025-06-14,4,59,2,89,733691,711270,446
2740,2025-10-20,28,12,1,39,2746566,2424540,398
2741,2025-10-28,24,45,11,7,437868,358894,244
2742,2025-05-22,21,112,12,131,858876,655355,421
2743,2025-04-11,1,74,7,121,396650,316683,303
2744,2025-09-13,3,78,2,38,1718575,1308068,77
2745,2025-03-19,4,27,3,43,4102824,3949038,491
2746,2025-08-24,14,60,11,36,274409,213075,394
2747,2025-12-11,3,15,2,98,1739030,1346072,467
2748,2025-04-03,2,16,10,9,1922719,1502176,175
2749,2025-12-05,24,119,9,113,1093013,869523,318
2750,2025-04-20,2,38,10,50,1859626,1557372,106
2751,2025-10-02,1,85,3,117,2778925,2644649,415
2752,2025-06-04,25,67,2,39,1232982,974686,46
2753,2025-05-26,1,102,9,102,2672901,2327315,472
2754,2025-06-22,28,2,10,84,614696,482247,146
2755,2025-07-12,5,3,10,50,2988637,2823606,495
2756,2025-06-29,24,49,2,1,950173,869032,291
2757,2025-11-02,12,17,12,150,2132715,2003480,397
2758,2025-02-19,8,59,2,37,1205371,956912,478
2759,2025-07-03,18,42,9,94,1674742,1374288,473
2760,2025-03-08,7,109,1,93,510101,486770,398
2761,2025-03-21,1,19,8,19,2550693,1985245,314
2762,2025-03-24,16,30,9,177,1702016,1300120,306
2763,2025-11-14,2,57,12,22,1858675,1576204,302
2764,2025-01-12,14,30,3,33,1230272,1072970,483
2765,2025-02-24,11,41,5,41,2920785,2614975,3
2766,2025-04-24,23,91,5,9,1097306,837781,8
2767,2025-11-12,12,117,7,128,2417383,2321334,327
2768,2025-08-20,12,55,5,17,1605617,1367739,346
2769,2025-06-28,12,37,7,45,1082207,874201,430
2770,2025-02-24,5,108,5,119,1871103,1404502,22
2771,2025-10-12,2,99,2,132,564376,428309,13
2772,2025-07-31,18,30,2,116,1722010,1400888,482
2773,2025-02-16,16,21,7,133,228775,200225,264
2774,2025-02-19,26,94,11,94,1928046,1493662,303
2775,2025-01-16,28,93,2,88,305023,261281,100
2776,2025-09-18,2,53,8,27,1083908,826363,364
2777,2025-04-28,11,11,1,74,1564651,1522550,488
2778,2025-05-22,16,39,4,103,783921,608532,100
2779,2025-01-13,1,73,7,47,1513533,1320238,270
2780,2025-12-13,12,58,7,110,2550477,2061716,15
2781,2025-04-15,4,72,1,86,884518,866778,411
2782,2025-04-13,20,52,3,113,1116280,1052446,455
2783,2025-07-21,14,106,3,21,1531569,1354801,268
2784,2025-05-04,27,18,12,122,129610,98163,136
2785,2025-07-26,14,55,2,80,1435511,1283594,12
2786,2025-02-04,26,15,1,115,2518407,2170112,239
2787,2025-03-05,9,5,1,95,3508449,2821736,393
2788,2025-10-10,3,106,12,145,2985735,2828451,323
2789,2025-12-23,9,74,1,81,1095600,989954,362
2790,2025-02-03,11,101,3,11,1121735,998824,256
2791,2025-01-20,26,76,5,128,1706750,1587559,270
2792,2025-09-10,21,29,11,17,883256,756550,224
2793,2025-12-17,4,105,7,98,2579110,2264470,149
2794,2025-02-22,14,117,7,26,672601,537909,146
2795,2025-01-26,16,62,10,69,1091201,876953,89
2796,2025-06-15,14,24,4,132,2859057,2532907,148
2797,2025-10-26,19,117,2,115,111490,85335,421
2798,2025-05-16,6,114,7,36,160339,128158,26
2799,2025-09-21,15,105,9,44,493300,380075,28
2800,2025-03-23,22,86,11,11,3774217,3527939,321
2801,2025-05-13,4,109,9,22,1036545,865470,359
2802,2025-11-11,19,66,10,130,2502463,2135035,75
2803,2025-02-27,3,57,1,138,2162459,1933175,493
2804,2025-05-29,22,66,1,19,2342682,2257074,457
2805,2025-05-14,10,69,3,42,554335,473289,450
2806,2025-07-02,17,66,12,60,2445315,2386766,497
2807,2025-09-17,12,57,1,139,773832,591358,13
2808,2025-05-13,18,6,7,122,1393008,1196389,47
2809,2025-04-03,27,25,7,145,407052,333333,206
2810,2025-02-16,25,83,11,22,711991,617656,255
2811,2025-12-12,27,76,5,43,2566170,2320317,286
2812,2025-09-16,5,60,12,101,2476807,2394953,343
2813,2025-09-02,22,82,1,69,230920,204464,117
2814,2025-03-02,9,116,2,208,2556936,1983858,218
2815,2025-01-23,16,116,9,64,792514,683247,345
2816,2025-12-20,18,72,4,86,1632875,1357620,398
2817,2025-08-24,19,103,11,102,812210,663864,23
2818,2025-11-06,14,90,11,73,2607790,2181552,279
2819,2025-05-08,24,34,10,110,157462,127717,261
2820,2025-06-09,5,9,8,3,691515,607835,52
2821,2025-07-17,5,21,6,149,1069878,1005545,208
2822,2025-05-21,18,70,3,1,2157775,2098570,491
2823,2025-04-24,9,69,7,137,2972120,2572120,314
2824,2025-01-22,14,18,5,102,2061267,1617698,385
2825,2025-09-27,15,78,10,18,1832220,1383459,426
2826,2025-02-02,3,39,2,55,523730,463445,387
2827,2025-05-08,12,85,10,42,908033,830295,55
2828,2025-04-30,7,61,12,105,51780,42904,127
2829,2025-01-23,9,42,9,131,445923,375529,399
2830,2025-12-25,1,117,3,93,1217764,1123520,253
2831,2025-03-16,9,16,10,35,2588615,2130723,16
2832,2025-04-09,23,38,5,8,2429090,2054451,432
2833,2025-02-02,16,97,12,124,324028,300585,64
2834,2025-12-25,9,77,9,147,2342695,2096740,279
2835,2025-10-05,24,1,7,119,2361703,1850290,139
2836,2025-02-10,15,35,7,133,488666,454984,429
2837,2025-06-17,20,24,7,97,1161601,1017051,315
2838,2025-12-06,18,80,4,149,1710221,1556626,281
2839,2025-08-14,10,120,9,98,2429098,1996331,456
2840,2025-02-16,11,44,10,67,1365147,1276171,25
2841,2025-02-26,4,79,3,47,295736,279265,399
2842,2025-09-02,12,32,12,98,2964062,2253375,58
2843,2025-02-06,16,11,7,16,1002397,943737,275
2844,2025-10-12,26,51,4,108,1368638,1104719,499
2845,2025-12-30,21,17,2,132,2479629,2007949,190
2846,2025-11-03,2,49,8,2,256157,193577,335
2847,2025-11-30,19,39,3,77,2274461,2213944,128
2848,2025-04-02,2,38,7,97,2912228,2763681,402
2849,2025-10-13,20,56,7,128,1771595,1349070,404
2850,2025-08-12,9,21,1,80,1370147,1161097,186
2851,2025-09-08,25,57,6,138,172407,151955,400
2852,2025-06-07,25,41,4,50,2174087,2033229,14
2853,2025-08-06,5,32,6,67,1746329,1661551,401
2854,2025-03-08,28,82,3,151,2045979,1864168,27
2855,2025-02-25,13,81,6,89,1010085,972541,4
2856,2025-12-22,22,55,3,48,546665,431990,150
2857,2025-04-03,25,103,8,110,2056407,1870525,242
2858,2025-06-09,13,18,6,18,1686380,1275547,40
2859,2025-04-01,9,91,2,24,1612417,1547058,436
2860,2025-09-15,27,33,9,133,2731912,2292883,30
2861,2025-01-04,25,116,9,4,504443,433394,264
2862,2025-07-22,16,92,8,144,586250,466099,40
2863,2025-03-30,19,77,6,159,149976,144595,139
2864,2025-08-17,5,92,7,68,738326,662187,217
2865,2025-02-08,5,94,2,43,274274,218567,128
2866,2025-04-28,24,98,8,88,1006200,854182,356
2867,2025-10-29,24,50,9,13,1984430,1741227,498
2868,2025-11-22,6,48,5,132,783283,643267,63
2869,2025-12-10,18,89,4,129,1410208,1342644,185
2870,2025-05-18,2,5,11,110,1117302,916484,188
2871,2025-05-27,21,60,6,38,875478,826860,39
2872,2025-02-27,5,25,3,115,1247331,1156329,314
2873,2025-09-09,22,80,12,22,1940583,1651104,396
2874,2025-07-23,25,27,4,76,2755598,2473283,380
2875,2025-03-27,16,22,1,70,3329495,2909799,350
2876,2025-03-28,27,10,8,127,144078,129765,31
2877,2025-02-04,20,101,7,64,224913,181872,365
2878,2025-11-22,7,5,7,59,1413147,1293613,257
2879,2025-03-16,9,80,4,118,1417736,1350609,6
2880,2025-01-19,28,118,12,27,2208817,1691729,446
2881,2025-07-22,15,61,9,74,2206663,2114315,431
2882,2025-08-06,12,23,5,66,1117002,1073284,489
2883,2025-07-04,9,34,7,14,2280266,1820475,273
2884,2025-07-05,23,9,8,56,1938847,1768330,282
2885,2025-02-24,1,83,11,83,1060506,952376,63
2886,2025-03-17,18,59,9,184,3951821,3196055,275
2887,2025-07-17,26,80,10,149,1835032,1793339,270
2888,2025-09-21,25,20,12,16,1333771,1305011,161
2889,2025-09-04,19,90,3,123,488951,397554,230
2890,2025-12-15,5,33,7,60,202795,189887,441
2891,2025-11-03,18,96,7,65,784127,636392,463
2892,2025-04-15,27,72,11,58,2534675,2163071,266
2893,2025-05-01,8,73,2,39,522822,510601,337
2894,2025-10-09,16,4,7,41,2426413,1937055,88
2895,2025-09-22,28,66,1,148,2386419,2297043,85
2896,2025-03-16,4,6,2,5,1156995,928956,455
2897,2025-01-02,1,9,12,134,1668748,1428616,194
2898,2025-02-28,2,117,1,131,2698195,2394052,444
2899,2025-10-13,26,87,8,99,560458,421787,42
2900,2025-06-01,7,48,7,24,1261163,963772,370
2901,2025-05-01,18,38,6,63,2739191,2648751,301
2902,2025-09-19,25,7,8,71,1816389,1689421,392
2903,2025-10-09,21,18,4,81,1347424,1137217,301
2904,2025-06-11,27,87,2,9,65308,51963,395
2905,2025-01-09,15,107,7,47,64714,54043,417
2906,2025-05-23,11,96,10,98,1885154,1775515,169
2907,2025-01-11,23,6,7,111,2853648,2396164,137
2908,2025-02-17,3,2,11,101,1605954,1314940,44
2909,2025-12-29,3,91,4,73,56650,53012,277
2910,2025-06-15,4,52,10,69,2644654,2269033,267
2911,2025-11-11,1,48,9,50,1853116,1568716,103
2912,2025-05-31,18,19,7,137,2430133,2138172,207
2913,2025-03-23,13,78,8,5,3170161,2548297,221
2914,2025-10-13,18,67,11,145,546241,469040,349
2915,2025-12-05,21,63,10,19,1577080,1193922,411
2916,2025-10-30,14,24,6,117,375202,330534,459
2917,2025-07-13,1,89,10,61,580597,438422,44
2918,2025-03-09,14,113,12,128,2739140,2589397,323
2919,2025-09-25,19,72,3,98,111624,91490,40
2920,2025-10-11,28,1,10,95,633847,612531,401
2921,2025-08-25,12,43,9,81,543999,465625,233
2922,2025-05-29,23,12,11,36,2097985,1716704,308
2923,2025-04-05,26,10,2,139,2872658,2681235,330
2924,2025-10-10,5,36,2,104,627852,533812,90
2925,2025-03-25,5,78,8,120,3077807,2724339,230
2926,2025-01-28,26,91,5,94,1167366,1121531,53
2927,2025-10-11,12,88,5,96,2088878,1967077,23
2928,2025-06-13,14,100,9,33,62105,58647,72
2929,2025-03-06,28,112,6,179,70357,64262,9
2930,2025-01-26,3,81,7,57,1485169,1253931,486
2931,2025-01-28,15,22,4,35,1217887,1150845,240
2932,2025-04-01,17,21,9,84,1224399,919723,45
2933,2025-09-06,17,84,9,47,724938,658558,367
2934,2025-08-20,8,12,3,108,354036,297242,478
2935,2025-10-05,26,99,6,2,2069432,1583445,402
2936,2025-06-29,18,83,12,16,433639,336815,190
2937,2025-01-01,20,23,8,28,2805394,2159648,95
2938,2025-08-07,3,96,1,93,1003838,971525,441
2939,2025-08-14,2,106,10,35,887223,674365,236
2940,2025-02-06,26,56,10,81,2904162,2187944,489
2941,2025-09-05,9,116,12,23,2164684,1909295,159
2942,2025-10-15,23,42,12,76,1002121,938453,72
2943,2025-10-18,17,60,7,143,2453689,1960664,439
2944,2025-07-31,12,17,10,66,1220330,1183728,392
2945,2025-03-01,14,108,12,32,3736522,3483922,263
2946,2025-03-14,16,26,5,193,555277,443688,394
2947,2025-02-06,2,34,6,12,694786,577306,287
2948,2025-12-06,20,52,4,47,338235,290105,151
2949,2025-04-20,26,102,12,93,1886477,1525948,391
2950,2025-05-04,11,112,3,108,2272728,1736158,441
2951,2025-05-20,18,56,1,110,1928228,1532100,280
2952,2025-04-23,23,33,5,139,2161328,1718046,155
2953,2025-04-01,11,103,4,98,2695020,2621933,152
2954,2025-07-27,5,70,1,85,1450866,1105859,417
2955,2025-08-16,9,91,1,101,1560394,1331432,171
2956,2025-06-30,3,47,7,41,913984,804170,373
2957,2025-01-05,20,5,9,86,1411271,1093230,252
2958,2025-11-19,23,40,12,8,2843752,2780410,52
2959,2025-04-30,4,11,2,119,2178652,2105716,48
2960,2025-11-04,22,3,3,85,1287034,1173719,227
2961,2025-12-16,13,7,11,46,755440,676711,207
2962,2025-11-14,12,118,4,81,1174280,1069399,42
2963,2025-12-16,6,1,2,35,814373,692770,160
2964,2025-10-17,12,112,1,3,712316,675121,388
2965,2025-12-25,2,11,6,29,1464573,1170717,368
2966,2025-04-04,12,103,11,67,1896141,1698477,316
2967,2025-06-23,2,57,5,12,2114909,1634772,226
2968,2025-12-27,7,109,3,119,2545445,2231518,476
2969,2025-07-01,23,96,10,94,2750768,2080822,118
2970,2025-12-08,25,107,2,13,90780,88600,147
2971,2025-12-13,20,28,5,4,902548,820151,296
2972,2025-03-02,1,36,6,46,254573,242355,219
2973,2025-01-24,17,79,12,73,320152,245416,153
2974,2025-11-17,20,117,2,57,2792828,2310971,315
2975,2025-11-12,6,70,6,89,1071862,1028065,351
2976,2025-10-18,11,19,1,93,1677064,1285053,30
2977,2025-07-28,16,73,10,4,2751657,2075907,292
2978,2025-08-08,27,71,1,19,2343174,1965869,224
2979,2025-09-02,9,6,12,62,2058996,1781483,355
2980,2025-12-15,5,92,4,50,2441910,2307858,157
2981,2025-10-25,23,48,4,6,61656,51809,234
2982,2025-07-13,25,109,3,86,1426116,1072227,82
2983,2025-11-21,12,107,1,19,2118757,1692630,194
2984,2025-06-10,9,17,7,48,1249021,967150,275
2985,2025-05-11,6,75,1,48,2824496,2733591,359
2986,2025-03-18,8,102,4,110,2013815,1906846,35
2987,2025-01-08,24,101,1,147,217075,194917,456
2988,2025-08-04,27,87,1,92,1074606,807343,391
2989,2025-10-04,18,117,7,131,1112320,896401,77
2990,2025-03-01,3,50,7,159,1361516,1269958,315
2991,2025-01-04,10,115,11,86,1964861,1624623,448
2992,2025-10-16,18,102,9,116,1405924,1331632,440
2993,2025-04-06,3,22,10,109,1357301,1070261,23
2994,2025-04-29,27,31,7,46,85531,81553,72
2995,2025-08-23,12,46,9,48,376055,304169,237
2996,2025-01-13,23,77,3,1,1916119,1487565,410
2997,2025-06-26,27,21,4,141,75665,59897,220
2998,2025-12-25,6,13,11,44,333221,276937,466
2999,2025-09-26,26,16,9,147,2100314,1924394,351
3000,2025-07-07,19,13,7,28,520032,450202,108
3001,2025-10-02,12,43,9,141,392058,359899,450
3002,2025-06-10,19,96,8,121,752459,686178,48
3003,2025-07-15,18,67,1,13,1474676,1417087,245
3004,2025-10-01,25,104,12,56,331726,290566,192
3005,2025-11-08,5,66,10,123,773006,722646,141
3006,2025-06-19,10,111,1,25,2205510,1724187,369
3007,2025-09-02,6,1,1,46,2361899,1887541,150
3008,2025-10-02,5,81,4,35,2828664,2736642,30
3009,2025-05-10,3,36,5,125,1219208,1098033,374
3010,2025-03-09,24,111,9,40,457781,387711,488
3011,2025-07-04,19,78,12,51,2990629,2249993,64
3012,2025-11-18,24,2,3,10,2709372,2161556,25
3013,2025-05-22,23,90,3,57,600294,468249,224
3014,2025-09-12,12,109,3,27,1072148,896073,99
3015,2025-01-22,25,98,3,129,442322,374259,453
3016,2025-01-25,14,33,7,51,62104,56322,422
3017,2025-01-30,12,92,10,60,1895369,1620713,182
3018,2025-07-23,19,13,10,138,990551,772990,36
3019,2025-12-17,1,84,3,23,1793616,1626821,416
3020,2025-12-18,24,10,8,77,1635950,1552505,20
3021,2025-03-23,19,96,9,78,770718,745396,14
3022,2025-05-15,8,108,12,139,1207232,923994,198
3023,2025-07-20,6,20,10,21,901544,870840,214
3024,2025-09-07,1,65,1,94,1752311,1538794,188
3025,2025-08-02,27,117,7,118,220202,184557,358
3026,2025-07-21,5,11,10,132,1701366,1417700,30
3027,2025-06-05,19,37,5,77,2801577,2124494,494
3028,2025-08-09,13,26,11,79,2586124,2397720,367
3029,2025-04-26,19,54,6,3,1317941,1184646,192
3030,2025-03-27,15,25,3,61,2332727,1821809,451
3031,2025-03-02,3,38,3,92,1340953,1248079,340
3032,2025-03-12,27,95,6,200,4153560,3421408,344
3033,2025-03-19,4,87,9,184,3805971,3630307,20
3034,2025-10-01,24,64,10,26,2662106,2566190,75
3035,2025-11-24,8,93,5,22,2809914,2495711,349
3036,2025-07-14,9,29,4,144,1471178,1375771,454
3037,2025-03-10,24,37,8,67,2217007,2002718,186
3038,2025-09-30,8,29,4,67,898536,870100,17
3039,2025-12-20,8,10,2,94,2853729,2487511,207
3040,2025-01-15,12,93,5,95,2008339,1865793,199
3041,2025-12-20,19,87,5,128,1437581,1341399,205
3042,2025-10-28,23,115,12,69,2716435,2246942,102
3043,2025-07-04,8,56,6,145,2030500,1985746,138
3044,2025-07-21,13,120,12,129,1653514,1606096,32
3045,2025-08-09,7,116,5,33,381679,301804,146
3046,2025-07-09,1,69,12,3,2452021,2026274,429
3047,2025-11-13,10,66,2,88,827476,765329,305
3048,2025-03-15,11,101,6,207,2308924,1942560,432
3049,2025-08-17,6,15,4,4,1950859,1853563,141
3050,2025-03-11,8,48,12,43,1630167,1290711,62
3051,2025-05-27,2,86,5,140,2497465,1985347,405
3052,2025-03-22,14,105,2,109,1929874,1840733,109
3053,2025-01-29,15,73,7,57,2808952,2604386,115
3054,2025-02-23,22,116,1,8,2290420,2057923,374
3055,2025-03-04,16,68,6,60,904348,872100,40
3056,2025-07-08,24,71,8,24,2386149,1943746,80
3057,2025-04-18,12,105,11,72,789112,670411,463
3058,2025-09-16,26,59,5,69,2903285,2611829,347
3059,2025-09-13,2,15,8,50,2746164,2669054,445
3060,2025-11-28,27,87,1,136,1773532,1655105,448
3061,2025-03-17,8,116,8,166,2729829,2130285,220
3062,2025-07-24,22,42,7,49,867802,744267,57
3063,2025-05-23,2,83,1,92,689634,646286,477
3064,2025-10-02,3,4,6,84,2772426,2410355,23
3065,2025-01-19,1,118,3,124,2912270,2303552,65
3066,2025-02-03,10,24,6,119,2829011,2672670,99
3067,2025-03-03,14,4,10,109,1401241,1362793,354
3068,2025-03-05,25,118,4,142,3176810,2971614,355
3069,2025-02-14,16,22,1,51,560124,445615,318
3070,2025-06-27,12,91,3,133,1688988,1335115,369
3071,2025-01-14,20,83,3,148,2697308,2553992,401
3072,2025-05-07,12,17,12,96,2631049,2186447,457
3073,2025-12-04,22,28,4,38,758736,595363,354
3074,2025-08-15,8,90,10,49,2240317,1991148,89
3075,2025-01-01,10,47,8,57,1534946,1230820,116
3076,2025-08-05,14,12,9,90,195787,167984,46
3077,2025-01-26,18,59,1,131,836170,701956,254
3078,2025-03-03,25,65,3,72,2308021,1751492,7
3079,2025-09-09,4,20,7,26,1535709,1379535,487
3080,2025-10-11,8,115,9,144,2701303,2623610,361
3081,2025-02-15,28,64,11,112,1149488,1003331,132
3082,2025-07-26,16,26,6,114,1151657,898448,107
3083,2025-04-21,23,20,3,42,2182209,1645132,54
3084,2025-11-08,10,33,3,89,2399704,2346405,439
3085,2025-10-17,5,92,11,48,799262,734424,181
3086,2025-07-27,2,49,3,87,935264,781381,25
3087,2025-07-19,8,107,11,123,1076103,823578,331
3088,2025-02-28,18,8,5,102,2917537,2720270,141
3089,2025-02-23,27,31,1,125,2855999,2349084,438
3090,2025-10-14,10,99,2,144,1408781,1104701,454
3091,2025-12-04,3,29,7,45,1733143,1563386,260
3092,2025-05-27,22,52,4,147,2036114,1834692,197
3093,2025-02-02,11,94,5,122,238881,199024,128
3094,2025-10-19,3,103,3,18,1594709,1227750,500
3095,2025-05-18,3,10,10,88,1433903,1216668,8
3096,2025-10-19,22,12,10,97,2534810,2475232,302
3097,2025-06-14,15,71,8,92,825370,630455,411
3098,2025-01-01,26,18,1,65,757693,644006,81
3099,2025-12-08,1,10,10,128,453047,353951,338
3100,2025-02-15,5,40,2,52,2447353,1972663,366
3101,2025-08-09,20,52,8,137,2426196,2180837,207
3102,2025-01-19,19,67,8,56,361189,284596,251
3103,2025-09-05,8,11,10,48,603025,512996,199
3104,2025-12-12,25,4,8,87,2966940,2618794,271
3105,2025-10-01,20,61,11,140,1813103,1506789,430
3106,2025-11-23,7,81,11,147,2978813,2708881,103
3107,2025-03-01,20,12,11,137,2000812,1642699,15
3108,2025-09-20,22,93,10,86,812058,652594,74
3109,2025-01-24,6,16,10,18,1526281,1440348,396
3110,2025-06-28,16,104,7,70,1236100,1087149,233
3111,2025-05-26,16,1,12,13,54993,43019,495
3112,2025-10-15,15,51,5,80,2334870,2108475,222
3113,2025-09-12,13,39,10,115,2537582,2165907,158
3114,2025-02-15,14,105,4,99,1507766,1278774,17
3115,2025-05-12,28,43,1,6,1755848,1415530,161
3116,2025-12-24,8,61,4,10,2519871,2318272,499
3117,2025-05-20,19,55,10,48,1997847,1701201,56
3118,2025-11-22,19,84,6,36,2437858,2218615,114
3119,2025-06-14,7,7,12,95,2539589,2176856,4
3120,2025-04-02,12,45,2,42,2268854,1785709,211
3121,2025-12-12,7,55,5,61,378678,358329,314
3122,2025-05-29,17,80,9,146,1456766,1297536,178
3123,2025-05-25,14,85,7,64,1302155,1267838,385
3124,2025-05-15,28,116,5,57,1339293,1222879,402
3125,2025-02-07,26,115,5,32,1708939,1505504,308
3126,2025-10-29,8,97,10,63,1134138,922543,230
3127,2025-05-26,8,74,5,105,1156433,871893,388
3128,2025-12-13,27,85,12,144,768640,602309,24
3129,2025-10-31,11,65,7,33,2589394,2372606,370
3130,2025-04-22,19,86,9,134,2493756,2362511,138
3131,2025-02-21,8,21,2,3,2444976,2084280,31
3132,2025-12-20,6,15,8,12,2058778,1698840,460
3133,2025-09-23,12,25,5,106,1604174,1327351,409
3134,2025-10-27,5,110,3,10,1075229,808934,154
3135,2025-05-23,19,56,5,98,318805,249983,312
3136,2025-04-25,19,7,1,37,1542213,1194484,398
3137,2025-02-28,7,94,8,86,1700384,1613313,270
3138,2025-12-28,20,51,4,85,2492554,2062832,346
3139,2025-08-30,1,72,7,21,2456121,2186393,483
3140,2025-02-05,9,91,6,142,1301348,1032626,356
3141,2025-06-17,13,50,4,22,353998,283640,277
3142,2025-10-09,12,7,4,76,819936,650876,208
3143,2025-03-22,22,95,3,12,1530142,1216199,234
3144,2025-05-30,6,34,7,54,2801561,2170620,154
3145,2025-04-29,22,58,12,149,1793510,1553215,354
3146,2025-12-12,26,85,7,139,167526,126903,405
3147,2025-11-30,11,91,12,37,2436898,2309891,195
3148,2025-10-26,2,20,11,23,2762176,2492622,249
3149,2025-08-13,10,9,8,68,839886,821841,154
3150,2025-04-17,27,41,1,40,1007898,880307,405
3151,2025-07-07,2,21,3,144,2606436,2520928,216
3152,2025-07-20,11,24,8,87,718920,572090,68
3153,2025-09-24,5,80,4,3,621650,468559,169
3154,2025-07-25,19,14,4,53,91778,73682,112
3155,2025-04-12,9,53,8,113,334041,306928,62
3156,2025-12-10,14,101,8,94,94904,80728,218
3157,2025-03-14,25,62,10,124,1920795,1550654,383
3158,2025-01-30,6,36,11,95,933359,712051,482
3159,2025-03-30,8,95,10,200,1586832,1487964,87
3160,2025-05-01,1,28,5,34,245734,191481,151
3161,2025-08-23,3,103,10,5,431123,368381,83
3162,2025-03-25,22,103,3,105,376044,358237,29
3163,2025-08-13,27,113,12,106,1136087,1024667,279
3164,2025-08-25,24,100,2,122,2743553,2459030,253
3165,2025-06-14,27,34,7,28,2660109,2476379,307
3166,2025-04-04,9,7,7,93,2733594,2390728,274
3167,2025-08-14,5,101,11,121,2687891,2107622,258
3168,2025-02-02,6,20,6,11,2503387,2327765,175
3169,2025-07-17,13,98,9,73,1118383,1074114,371
3170,2025-03-17,8,63,4,68,2720452,2399119,481
3171,2025-02-09,26,24,2,34,404571,311426,24
3172,2025-03-03,17,59,9,15,1454072,1323619,352
3173,2025-10-11,14,104,12,13,2858546,2746365,499
3174,2025-02-07,15,110,1,125,1272002,1156917,408
3175,2025-11-19,8,77,3,91,484399,428782,317
3176,2025-11-13,9,89,6,46,2558938,2106564,453
3177,2025-02-26,16,14,3,45,646031,619041,484
3178,2025-07-18,24,33,4,57,2388560,2041055,83
3179,2025-01-11,12,110,5,39,655414,508592,90
3180,2025-07-12,22,42,11,67,2529264,2408330,195
3181,2025-04-09,7,95,12,1,2953951,2582057,100
3182,2025-04-14,10,38,5,114,127685,104713,430
3183,2025-09-23,16,66,10,149,1436610,1081337,237
3184,2025-01-11,26,22,1,96,2624672,2380884,392
3185,2025-09-17,22,45,2,81,844680,786604,229
3186,2025-09-12,9,80,12,47,1716233,1455780,336
3187,2025-04-18,6,113,10,82,1786923,1436023,94
3188,2025-08-20,16,61,6,44,721164,692152,290
3189,2025-03-20,1,54,2,144,2121037,1855545,72
3190,2025-11-06,5,4,11,95,2452097,2248031,80
3191,2025-03-19,19,37,2,26,1964198,1890607,488
3192,2025-07-30,7,6,3,82,1374580,1270405,358
3193,2025-10-25,13,30,7,63,1993105,1801221,415
3194,2025-03-20,21,53,3,106,3969495,3674591,92
3195,2025-01-22,14,49,2,86,2831852,2292718,263
3196,2025-01-14,21,86,9,87,457250,363395,370
3197,2025-02-24,8,84,9,11,232911,189286,273
3198,2025-04-25,23,110,3,17,2744279,2111044,435
3199,2025-03-19,4,107,3,28,2255057,2079866,261
3200,2025-12-06,4,92,6,138,694470,659772,278
3201,2025-08-02,18,64,7,77,85383,66079,298
3202,2025-02-26,17,42,5,143,2303321,1758475,158
3203,2025-06-06,25,18,11,1,228594,213223,90
3204,2025-10-19,17,118,8,114,2727144,2374295,125
3205,2025-06-10,17,42,12,100,2725151,2295659,484
3206,2025-07-24,24,40,12,31,2548938,2166926,66
3207,2025-04-22,10,85,3,29,2610685,2042623,476
3208,2025-08-12,26,19,3,20,860792,681829,156
3209,2025-12-20,3,6,5,42,2615799,2114023,111
3210,2025-02-27,10,94,8,131,2433840,2257804,358
3211,2025-02-27,3,61,10,115,693507,651784,208
3212,2025-10-29,20,77,10,72,2463265,2238739,49
3213,2025-11-30,6,66,12,51,515121,473464,10
3214,2025-01-30,8,113,7,109,1768915,1335204,352
3215,2025-03-28,23,1,1,2,2112497,2039270,382
3216,2025-03-24,18,44,4,196,2395495,1900506,49
3217,2025-01-02,11,81,1,84,802711,651909,453
3218,2025-09-29,8,71,12,1,1540144,1351052,82
3219,2025-08-02,27,104,10,44,2818176,2618145,392
3220,2025-11-10,2,8,8,102,2289682,2084587,83
3221,2025-08-23,25,56,4,59,793693,749311,455
3222,2025-04-16,28,65,10,99,2873500,2676978,491
3223,2025-04-15,7,105,8,105,399393,345994,325
3224,2025-02-28,21,70,7,46,1717862,1468121,126
3225,2025-08-11,18,40,2,1,361995,287304,339
3226,2025-09-16,26,21,4,58,2603382,2043763,344
3227,2025-10-04,28,66,12,58,1515186,1449235,236
3228,2025-11-04,24,110,2,136,2050140,1691025,480
3229,2025-12-25,1,52,8,127,1667502,1287050,22
3230,2025-08-05,25,81,12,95,2491089,1964027,325
3231,2025-10-03,17,13,11,69,1087512,1008313,318
3232,2025-03-07,15,78,8,147,755728,646864,257
3233,2025-12-22,4,46,10,108,2480831,2347468,329
3234,2025-05-07,18,89,5,90,2821349,2438830,376
3235,2025-12-12,1,92,12,39,2992284,2513164,188
3236,2025-12-23,27,52,9,99,766449,682657,181
3237,2025-10-22,27,13,3,83,1929959,1538085,315
3238,2025-09-17,19,73,3,88,1417973,1136375,139
3239,2025-12-10,14,81,11,3,1913687,1760171,453
3240,2025-03-11,19,111,10,8,2683354,2177989,243
3241,2025-03-15,25,80,7,152,3536054,3455949,155
3242,2025-02-02,25,57,10,102,2081851,1571727,1
3243,2025-10-11,26,77,8,79,2927299,2653112,130
3244,2025-10-14,12,88,10,147,1242132,1047483,38
3245,2025-09-18,7,103,10,130,1317807,1022467,236
3246,2025-05-05,10,108,8,133,2692049,2231637,204
3247,2025-10-25,18,104,9,28,1647277,1346455,299
3248,2025-10-01,1,34,5,81,91424,85228,85
3249,2025-12-06,21,66,7,3,1420140,1380256,60
3250,2025-01-17,6,52,3,118,213932,179968,148
3251,2025-10-11,20,116,1,5,2333228,1846055,273
3252,2025-05-10,12,67,2,57,52284,45902,276
3253,2025-10-21,18,25,11,11,1433617,1234297,341
3254,2025-10-04,18,31,10,122,1148536,1081557,380
3255,2025-02-24,18,45,7,61,111106,87146,491
3256,2025-08-17,26,48,1,13,52650,42065,347
3257,2025-06-26,24,50,11,104,477074,422782,445
3258,2025-11-02,12,83,4,5,1549196,1299934,49
3259,2025-10-13,9,99,10,50,1888258,1841263,340
3260,2025-05-31,14,58,10,14,2158282,1996559,467
3261,2025-01-10,21,16,9,121,729458,616627,329
3262,2025-01-18,1,15,11,53,1844016,1540939,352
3263,2025-03-04,2,30,5,106,1849317,1790933,129
3264,2025-03-09,20,77,1,141,2911753,2367486,175
3265,2025-08-05,18,116,7,96,741366,607329,19
3266,2025-07-13,5,101,3,30,1407307,1350081,312
3267,2025-11-02,14,112,8,36,1372994,1324199,393
3268,2025-04-02,6,110,3,32,2604282,1957952,120
3269,2025-04-21,21,83,11,76,1893718,1765739,132
3270,2025-09-13,10,62,7,78,2319889,1893892,402
3271,2025-06-16,12,77,4,112,1418423,1119513,434
3272,2025-04-29,18,29,6,2,2101429,1977445,496
3273,2025-03-12,10,43,12,125,1351049,1044866,359
3274,2025-11-02,2,1,12,64,1704176,1328195,94
3275,2025-02-16,28,9,12,121,1043330,1004018,327
3276,2025-03-15,21,60,8,57,2569126,2383255,274
3277,2025-11-25,18,94,4,89,2380712,1961293,345
3278,2025-06-14,18,42,3,47,2501385,2260692,87
3279,2025-12-15,27,45,3,81,475315,400879,500
3280,2025-09-15,11,63,6,22,1931676,1478328,172
3281,2025-01-27,17,110,11,13,1573676,1291922,47
3282,2025-05-13,15,59,5,69,2028100,1628511,187
3283,2025-11-23,7,46,3,77,1888616,1796044,374
3284,2025-06-01,4,107,8,31,1544879,1364952,359
3285,2025-10-20,15,26,5,75,2579310,2055014,170
3286,2025-04-29,16,66,9,8,982165,780727,271
3287,2025-04-22,14,11,2,52,1055147,991695,266
3288,2025-11-04,6,55,1,132,2039921,1767359,455
3289,2025-03-31,26,117,9,18,1529022,1426138,245
3290,2025-10-06,16,26,1,74,2377217,2020641,161
3291,2025-12-17,3,41,3,32,1917179,1742806,209
3292,2025-06-17,27,85,4,84,999700,860746,412
3293,2025-09-20,2,13,9,145,500384,416287,351
3294,2025-09-02,7,38,5,98,2132740,1642536,245
3295,2025-08-15,24,49,3,102,2519817,2430093,158
3296,2025-04-25,7,105,7,35,2514827,2235827,131
3297,2025-07-12,21,102,7,68,1482166,1129575,300
3298,2025-10-22,19,102,1,10,520456,396114,304
3299,2025-10-11,11,62,4,148,121143,105660,119
3300,2025-12-17,23,44,3,25,406450,355346,209
3301,2025-12-06,17,38,5,44,2778609,2272363,141
3302,2025-09-21,25,67,5,118,2494603,2083651,87
3303,2025-10-15,12,106,8,85,2713842,2478538,178
3304,2025-09-24,5,67,12,29,2534436,1930755,73
3305,2025-02-06,15,96,10,119,2309946,2056121,459
3306,2025-12-06,28,81,2,36,1305102,1137563,96
3307,2025-11-24,20,117,8,21,1988280,1497790,168
3308,2025-10-25,17,39,5,85,464739,432987,406
3309,2025-04-16,14,64,3,134,1690889,1650087,53
3310,2025-02-12,6,93,4,8,930468,810881,174
3311,2025-08-11,28,69,2,21,2474820,1996004,251
3312,2025-10-03,3,36,6,148,97632,93153,11
3313,2025-11-13,22,118,12,147,2693565,2544240,426
3314,2025-02-23,15,60,10,13,1603597,1319108,286
3315,2025-08-06,14,75,4,57,1617280,1246225,424
3316,2025-12-03,11,96,9,138,136685,126234,237
3317,2025-01-07,25,108,11,82,868555,676694,202
3318,2025-01-11,24,96,2,32,2464548,1985095,299
3319,2025-02-10,1,32,9,33,2455455,2397738,157
3320,2025-03-10,21,111,6,125,782056,630313,218
3321,2025-01-22,19,8,12,136,1426109,1340629,408
3322,2025-02-21,28,65,12,32,229165,186811,31
3323,2025-03-11,10,28,12,166,1283066,1080477,463
3324,2025-06-25,23,102,9,128,912523,763960,205
3325,2025-03-13,15,11,4,125,3062718,2804664,205
3326,2025-10-18,8,27,6,62,2644940,2020420,3
3327,2025-11-17,11,70,6,111,428945,357888,489
3328,2025-05-30,15,86,4,23,2779072,2297991,197
3329,2025-07-12,8,75,8,146,829877,690561,404
3330,2025-03-01,4,49,5,89,2377044,2305731,314
3331,2025-01-22,22,18,9,62,2027768,1747564,233
3332,2025-01-15,28,21,9,108,2776955,2324279,2
3333,2025-06-25,8,38,3,134,394800,330397,130
3334,2025-05-12,3,105,12,106,371046,281268,53
3335,2025-11-16,23,60,6,53,1454094,1269634,418
3336,2025-11-22,10,53,5,11,1615754,1569813,19
3337,2025-04-07,22,72,9,1,617778,533016,109
3338,2025-01-05,9,19,8,108,924640,783272,478
3339,2025-09-18,28,14,5,67,2887162,2345054,59
3340,2025-09-28,25,75,4,82,936737,902180,294
3341,2025-07-30,19,103,1,108,2127426,1792335,355
3342,2025-12-04,28,78,11,1,2439359,1926974,258
3343,2025-10-02,25,110,5,131,1955659,1810959,446
3344,2025-06-13,25,45,2,61,1428463,1247986,457
3345,2025-08-21,5,109,8,32,1952170,1583508,100
3346,2025-01-11,21,55,9,144,552553,514665,387
3347,2025-07-16,27,107,5,9,901842,739659,106
3348,2025-10-30,17,98,9,17,2177590,1880318,280
3349,2025-08-29,15,84,12,92,2197354,1760437,119
3350,2025-04-20,13,37,8,116,108403,101981,48
3351,2025-04-30,23,2,10,4,2661745,2555336,482
3352,2025-06-28,7,66,11,108,147274,116765,65
3353,2025-07-22,5,45,5,43,215755,207660,34
3354,2025-12-02,28,22,4,22,2613613,1981159,334
3355,2025-07-02,15,60,3,2,1176300,1087290,33
3356,2025-01-11,2,91,12,127,2941834,2606641,360
3357,2025-05-20,4,73,4,41,1185492,990340,399
3358,2025-05-03,27,71,11,20,299549,267472,365
3359,2025-11-12,10,13,11,37,654811,604161,278
3360,2025-08-27,1,76,12,143,2040907,1601571,199
3361,2025-05-11,28,120,10,105,908515,719695,191
3362,2025-02-10,16,108,5,37,828136,676264,135
3363,2025-12-22,21,87,4,45,1808319,1397696,273
3364,2025-11-15,2,5,4,79,1654622,1441081,50
3365,2025-12-19,13,28,1,122,100328,78691,204
3366,2025-08-18,23,84,3,15,685212,636684,16
3367,2025-11-01,11,100,4,101,1786880,1636659,35
3368,2025-10-20,12,26,7,140,2496925,1890598,173
3369,2025-08-27,16,78,6,8,301375,232670,124
3370,2025-03-11,11,103,10,5,222653,207882,110
3371,2025-11-12,15,12,4,9,2794536,2386081,82
3372,2025-02-17,4,27,9,98,2425534,1842166,260
3373,2025-08-30,3,84,7,127,647835,513536,12
3374,2025-05-10,11,112,12,72,1759232,1640026,253
3375,2025-02-26,19,22,9,18,2037936,1919478,232
3376,2025-05-12,10,32,7,14,656914,617342,388
3377,2025-06-04,10,110,3,48,1562239,1223501,331
3378,2025-07-23,1,19,6,47,950407,912024,138
3379,2025-02-12,5,94,11,5,2496709,2028494,379
3380,2025-08-17,26,108,8,47,1626335,1450553,106
3381,2025-12-12,6,54,11,91,1374587,1060776,472
3382,2025-03-08,16,53,2,168,3608939,3385973,368
3383,2025-10-13,1,87,3,70,1496810,1407371,183
3384,2025-10-27,18,45,2,98,205421,160274,54
3385,2025-10-22,22,15,6,138,2488745,2394429,46
3386,2025-03-29,26,56,9,145,4198730,3424791,310
3387,2025-10-02,14,33,8,143,1844993,1719473,465
3388,2025-09-21,22,54,3,55,1994516,1669918,30
3389,2025-01-05,17,68,5,80,1963384,1589414,261
3390,2025-04-29,15,106,11,143,421492,410805,56
3391,2025-10-20,2,63,5,146,597899,460216,153
3392,2025-01-23,2,52,10,136,895571,752636,492
3393,2025-11-17,5,107,4,84,1016624,827611,137
3394,2025-09-19,14,35,8,11,2164640,1702003,114
3395,2025-10-21,17,53,6,71,1860653,1475726,365
3396,2025-01-05,6,9,3,52,2112204,1917571,380
3397,2025-03-17,28,2,6,118,78748,74975,389
3398,2025-04-22,1,8,1,5,2350759,2043677,127
3399,2025-05-30,24,92,7,117,1053582,934064,313
3400,2025-01-03,1,67,9,147,2432902,2383836,62
3401,2025-05-10,4,52,1,6,2481207,2405870,435
3402,2025-02-17,13,73,12,39,1036068,810141,253
3403,2025-04-14,15,95,10,137,2470825,2266126,378
3404,2025-11-13,2,50,1,139,1462802,1198102,431
3405,2025-02-12,28,111,9,109,2063387,2022107,198
3406,2025-05-06,2,7,1,132,1213206,1100848,127
3407,2025-08-11,4,114,2,63,1919272,1475864,49
3408,2025-09-25,3,41,2,143,2758521,2303247,132
3409,2025-06-18,17,19,10,80,679486,661642,96
3410,2025-11-22,9,104,11,4,336947,280843,165
3411,2025-05-03,9,53,7,8,1922663,1584235,483
3412,2025-10-22,20,77,5,73,2491104,2378584,139
3413,2025-07-27,14,57,3,14,450516,343954,70
3414,2025-05-17,21,93,1,36,2311043,2217116,352
3415,2025-09-17,5,118,3,57,2203099,1878692,472
3416,2025-05-28,1,20,7,37,191267,166804,256
3417,2025-02-05,16,34,12,84,620187,531835,404
3418,2025-07-03,21,25,7,80,720121,697608,113
3419,2025-06-26,15,3,1,76,415701,327022,48
3420,2025-10-14,5,71,12,85,499557,437741,351
3421,2025-08-03,3,81,3,84,1501026,1320641,146
3422,2025-12-07,28,115,7,30,182989,139802,308
3423,2025-03-30,8,8,5,154,2468125,1864451,43
3424,2025-03-07,18,32,9,51,2761038,2125814,45
3425,2025-03-31,7,116,3,146,2680443,2273711,179
3426,2025-02-15,5,4,11,68,2282844,2087720,5
3427,2025-09-12,24,55,7,84,991152,961234,395
3428,2025-05-13,10,49,12,12,1331198,1198971,457
3429,2025-03-15,15,54,4,107,2317924,2178384,12
3430,2025-02-24,20,12,6,61,78704,65652,368
3431,2025-11-17,7,94,5,126,674535,546156,179
3432,2025-10-13,14,11,8,105,2292937,1808869,481
3433,2025-06-12,25,13,12,33,1974545,1784358,93
3434,2025-07-21,15,1,9,101,1804500,1645390,198
3435,2025-06-29,23,101,7,40,595351,484314,39
3436,2025-11-15,15,114,7,140,1903873,1651507,432
3437,2025-05-19,26,80,5,122,2009081,1890283,339
3438,2025-03-23,19,8,11,75,2193356,1652606,211
3439,2025-02-25,26,66,5,129,2422404,2086115,154
3440,2025-03-16,5,31,6,98,1300041,1067005,157
3441,2025-08-03,24,97,7,141,689045,666939,77
3442,2025-02-14,11,102,11,111,1110227,987056,384
3443,2025-07-02,6,46,5,148,771703,581828,204
3444,2025-12-04,23,36,5,23,568939,439930,363
3445,2025-11-10,16,100,4,140,2358675,1812572,75
3446,2025-08-26,8,1,11,110,1029377,844651,172
3447,2025-12-13,19,101,5,129,2158435,2019101,370
3448,2025-02-03,17,67,5,108,2301671,1738534,207
3449,2025-07-27,9,111,1,89,462466,433704,22
3450,2025-04-04,3,21,6,80,872391,786022,142
3451,2025-02-12,26,93,3,64,172924,134404,205
3452,2025-01-27,10,79,12,136,1827898,1372685,484
3453,2025-05-03,16,19,2,130,1665019,1269011,29
3454,2025-04-14,6,8,12,52,490546,435003,281
3455,2025-10-31,20,78,1,21,425245,397920,16
3456,2025-01-07,7,39,8,30,1059576,820743,353
3457,2025-09-12,24,13,10,120,2785657,2444688,23
3458,2025-02-23,21,97,7,40,1538049,1395411,315
3459,2025-01-27,24,65,5,26,2490390,2238968,432
3460,2025-11-22,15,106,9,85,1579488,1519295,321
3461,2025-03-03,3,27,8,123,1382144,1143959,84
3462,2025-12-28,4,3,8,43,2390890,2083783,444
3463,2025-08-16,17,96,1,121,627143,582778,306
3464,2025-01-29,23,30,8,29,1792740,1388172,14
3465,2025-10-10,23,66,2,121,698559,544770,103
3466,2025-12-13,20,113,10,99,1104088,950242,396
3467,2025-03-03,18,26,8,121,1401099,1063816,449
3468,2025-08-03,18,111,2,2,813619,759596,280
3469,2025-01-08,22,93,12,141,1586526,1476114,238
3470,2025-09-14,2,2,3,66,2856533,2712761,99
3471,2025-03-11,7,113,7,67,1022848,995398,62
3472,2025-07-20,19,5,7,98,2363100,1963865,233
3473,2025-05-13,13,86,8,6,1681305,1570666,349
3474,2025-12-16,12,9,7,31,1081412,954837,468
3475,2025-07-06,23,96,3,23,1399953,1067647,59
3476,2025-07-28,10,106,3,100,354924,266553,475
3477,2025-01-05,7,26,6,12,2771171,2411519,132
3478,2025-03-22,10,109,4,40,3710671,3242326,113
3479,2025-10-23,5,37,9,75,2161367,1653814,12
3480,2025-01-06,10,117,2,109,2569463,2405415,38
3481,2025-01-08,11,110,4,12,668073,516563,466
3482,2025-02-06,13,61,12,94,2357074,2304056,357
3483,2025-05-29,13,92,4,60,2850732,2706996,314
3484,2025-06-18,8,40,9,24,442051,331857,8
3485,2025-03-02,25,36,8,151,1594240,1477545,79
3486,2025-09-09,17,105,10,109,562877,463592,126
3487,2025-10-10,11,42,12,29,623846,546228,39
3488,2025-08-18,16,43,2,35,1032348,914890,391
3489,2025-10-16,16,65,2,88,1569514,1270847,192
3490,2025-11-24,2,98,11,119,724344,581089,196
3491,2025-01-10,5,38,5,112,1601102,1485008,216
3492,2025-08-25,15,19,1,92,321194,273514,13
3493,2025-08-24,7,8,9,119,563815,469759,412
3494,2025-05-15,25,84,8,137,2739460,2528814,246
3495,2025-12-07,24,8,4,26,2091267,1721429,116
3496,2025-09-29,1,100,3,114,1293639,1214607,430
3497,2025-06-04,17,109,6,118,2867393,2269959,25
3498,2025-03-24,19,23,6,93,2386085,2165629,206
3499,2025-03-17,15,24,9,186,1833118,1795204,229
3500,2025-08-02,14,33,3,3,1917805,1726257,193
3501,2025-12-16,7,19,8,18,916237,885917,106
3502,2025-10-08,13,61,7,36,1552125,1379622,111
3503,2025-09-28,14,93,9,122,2597542,1979293,458
3504,2025-12-10,23,4,5,133,2244944,2196765,302
3505,2025-12-14,8,23,1,86,1604058,1489859,132
3506,2025-01-04,12,101,1,135,2583293,2396160,242
3507,2025-04-13,19,54,12,22,1423097,1262460,230
3508,2025-08-08,9,100,1,81,854685,775042,377
3509,2025-06-14,14,58,1,122,2147955,1905101,237
3510,2025-09-13,23,44,6,66,715993,608849,39
3511,2025-10-28,23,111,1,62,2260267,1830193,432
3512,2025-04-03,16,27,7,34,1960260,1798710,92
3513,2025-01-31,23,23,3,38,2072264,1603426,389
3514,2025-02-08,27,60,6,126,1836464,1633629,495
3515,2025-09-09,4,55,3,15,1285339,1010599,452
3516,2025-10-06,12,15,5,69,2367299,1995524,283
3517,2025-04-30,2,48,3,27,1831871,1776422,4
3518,2025-04-17,19,110,3,48,174100,166553,382
3519,2025-07-31,19,102,9,4,451207,441859,455
3520,2025-05-17,6,87,7,69,2128091,2001745,31
3521,2025-08-05,18,4,2,116,1998476,1904974,388
3522,2025-01-10,7,104,2,103,863771,736363,398
3523,2025-01-21,11,88,1,9,1271403,1124123,106
3524,2025-04-05,14,107,8,47,1114536,1070922,192
3525,2025-10-23,8,110,2,113,720709,633889,400
3526,2025-08-16,14,31,9,2,2314635,1854317,288
3527,2025-01-17,24,51,6,67,305288,239938,179
3528,2025-11-12,24,79,9,84,506028,460861,112
3529,2025-11-06,8,17,8,41,2118866,1676959,440
3530,2025-02-14,6,115,10,31,1675782,1342482,333
3531,2025-01-25,10,99,10,110,299559,233311,220
3532,2025-08-03,15,51,11,85,769933,657778,85
3533,2025-10-11,21,39,6,53,2516720,2170741,319
3534,2025-11-17,19,48,1,116,52393,45388,279
3535,2025-08-11,10,105,1,108,2126858,2081247,385
3536,2025-07-31,28,112,1,44,237044,207531,340
3537,2025-02-22,19,108,3,12,745851,591325,39
3538,2025-07-10,25,106,5,61,2649195,2006744,132
3539,2025-10-05,19,117,1,150,994433,785473,80
3540,2025-06-28,7,32,4,45,77516,75206,125
3541,2025-07-03,3,6,3,96,2784585,2604235,176
3542,2025-01-31,4,80,12,58,1466184,1195301,407
3543,2025-12-16,2,29,7,149,2165160,2028812,413
3544,2025-10-14,10,89,4,50,1080134,857985,83
3545,2025-05-31,28,32,7,42,2533428,2148736,3
3546,2025-10-03,1,45,10,138,2755785,2212931,64
3547,2025-05-18,25,35,2,42,2481805,1894194,399
3548,2025-06-20,25,77,7,81,2615775,2323496,68
3549,2025-01-29,4,19,4,128,1733964,1379472,246
3550,2025-08-24,10,76,6,72,721311,551860,7
3551,2025-07-16,6,77,5,24,2425474,1932434,229
3552,2025-06-25,20,102,2,34,808378,679821,38
3553,2025-12-26,8,13,8,96,1023578,937787,65
3554,2025-08-05,28,36,8,82,683947,618007,260
3555,2025-11-19,13,33,7,27,645033,587805,455
3556,2025-11-14,14,16,8,59,160938,120870,303
3557,2025-03-23,22,95,9,96,1922065,1828169,138
3558,2025-02-01,7,22,12,28,313379,260537,117
3559,2025-06-19,12,2,6,25,1186261,946960,395
3560,2025-03-13,4,75,11,37,1828745,1471564,430
3561,2025-01-26,17,109,8,125,2530006,2165758,71
3562,2025-05-14,15,78,3,96,2954237,2719337,440
3563,2025-03-09,5,12,9,196,1457365,1330406,130
3564,2025-11-18,26,87,6,139,509114,451004,376
3565,2025-01-04,10,99,9,124,2116274,1607379,252
3566,2025-11-21,13,107,10,51,926482,882515,387
3567,2025-03-29,19,76,9,155,2150400,1659922,446
3568,2025-11-13,2,22,6,120,2327094,2101523,491
3569,2025-08-10,9,8,9,86,2719841,2354824,401
3570,2025-07-03,24,68,9,50,2321156,1832583,396
3571,2025-06-14,23,56,12,123,616129,519422,88
3572,2025-01-10,24,66,5,102,2072724,1614290,299
3573,2025-03-28,12,40,4,114,2261628,1737914,299
3574,2025-07-20,6,72,3,45,819935,778940,4
3575,2025-02-24,18,24,6,104,754654,697371,153
3576,2025-08-17,6,71,7,49,2520371,2331116,450
3577,2025-04-03,21,2,2,44,731680,590105,140
3578,2025-02-14,10,73,10,45,2541507,1912820,6
3579,2025-11-07,23,84,7,101,764042,719146,227
3580,2025-01-21,5,53,7,1,1150066,1105522,456
3581,2025-06-25,27,108,1,149,1565429,1329003,94
3582,2025-02-04,16,108,5,11,128697,117751,314
3583,2025-02-08,2,95,2,148,971094,783177,390
3584,2025-04-13,18,80,3,35,722439,591325,237
3585,2025-02-17,3,76,4,98,74280,67580,214
3586,2025-01-11,17,19,8,125,2814364,2134899,204
3587,2025-05-24,13,15,11,108,280237,240729,223
3588,2025-03-08,13,37,4,189,2148629,1616573,293
3589,2025-06-16,8,60,3,52,1188237,1006961,227
3590,2025-08-06,22,19,4,29,912290,890485,453
3591,2025-04-12,26,53,2,4,2746577,2651756,316
3592,2025-05-13,10,92,2,112,1306908,1021426,102
3593,2025-02-20,13,45,5,74,537815,516593,100
3594,2025-08-24,6,60,8,100,2245126,1870780,486
3595,2025-08-04,25,5,7,54,1102803,980406,92
3596,2025-11-16,2,105,5,110,341342,293171,439
3597,2025-06-24,4,66,9,113,132933,130213,427
3598,2025-09-11,20,79,10,49,773247,633250,93
3599,2025-01-22,6,37,9,57,1917708,1573978,395
3600,2025-05-17,3,99,8,44,968654,786347,219
3601,2025-06-21,26,26,9,100,2451656,1982829,291
3602,2025-01-06,6,46,5,138,1600731,1474965,193
3603,2025-03-12,14,72,10,15,1719298,1561620,88
3604,2025-04-12,17,56,12,69,315160,283692,490
3605,2025-01-02,20,44,4,129,1464387,1309072,160
3606,2025-09-04,24,35,3,24,1689196,1549002,120
3607,2025-06-14,25,76,10,5,186320,164661,112
3608,2025-09-02,18,10,5,110,259341,212682,433
3609,2025-11-28,21,53,12,25,1281447,1026553,258
3610,2025-09-25,9,36,4,118,264871,222788,192
3611,2025-02-12,18,97,8,90,1793311,1450741,212
3612,2025-08-28,5,87,7,60,1745053,1530924,414
3613,2025-02-04,12,85,5,23,2228803,1862691,264
3614,2025-11-08,19,5,1,39,1949228,1675043,356
3615,2025-03-27,19,108,2,4,3105972,2549552,20
3616,2025-12-24,15,84,9,99,135705,110832,120
3617,2025-07-06,14,97,7,9,1465413,1402206,116
3618,2025-12-28,8,57,5,109,2533615,2196935,108
3619,2025-01-14,13,62,11,113,2842869,2270109,418
3620,2025-07-27,16,90,2,141,618912,490239,93
3621,2025-08-04,14,114,8,148,2744307,2235726,41
3622,2025-11-11,1,99,9,116,2181063,1960382,220
3623,2025-06-18,7,65,6,12,1674079,1436807,105
3624,2025-10-21,14,27,5,44,2970810,2580025,316
3625,2025-09-15,25,62,7,7,1370839,1279991,326
3626,2025-06-15,28,3,11,78,2444954,1911346,424
3627,2025-03-02,23,59,1,95,3874553,3669135,216
3628,2025-12-25,25,10,9,103,2913845,2670120,15
3629,2025-07-28,13,27,3,16,342461,288526,83
3630,2025-10-23,22,115,1,122,853871,825698,297
3631,2025-10-25,6,99,9,21,2872363,2811742,417
3632,2025-10-02,6,63,2,144,695580,588666,165
3633,2025-04-15,25,103,4,119,429320,367169,468
3634,2025-01-04,18,55,5,68,769808,649103,149
3635,2025-03-22,1,27,12,193,4103864,3978066,120
3636,2025-02-14,22,99,4,84,1318721,1197438,327
3637,2025-11-04,23,3,2,73,1554884,1443352,312
3638,2025-08-03,15,4,7,46,316377,282174,419
3639,2025-10-03,15,25,1,95,1134074,1110410,271
3640,2025-03-25,9,30,9,184,1702047,1534392,125
3641,2025-01-28,23,19,12,20,2004161,1837166,57
3642,2025-08-01,16,65,1,99,2709262,2266807,328
3643,2025-05-19,22,29,11,30,1491749,1421780,270
3644,2025-10-24,28,97,1,27,1642215,1477357,129
3645,2025-10-25,24,85,3,131,440714,363840,102
3646,2025-08-18,25,6,2,122,278166,268566,500
3647,2025-03-21,14,81,5,15,2690487,2562318,104
3648,2025-01-16,17,81,9,9,2220893,1992902,443
3649,2025-02-03,15,21,7,39,2267495,1786987,484
3650,2025-08-01,18,23,11,76,1304715,1231341,167
3651,2025-01-16,22,109,1,118,667842,580193,337
3652,2025-10-24,11,73,3,120,2698056,2194572,38
3653,2025-08-03,18,1,7,29,2565914,2446466,197
3654,2025-02-26,6,103,8,104,1693802,1321943,285
3655,2025-01-17,17,18,1,62,2671022,2077015,29
3656,2025-11-22,25,103,3,108,866288,783712,451
3657,2025-05-16,9,35,4,84,2545032,2132079,333
3658,2025-04-05,21,33,6,134,2904084,2726655,248
3659,2025-01-04,3,23,1,76,2826310,2724570,73
3660,2025-06-02,6,85,6,56,1760528,1562000,299
3661,2025-02-16,5,29,8,94,1092888,821916,282
3662,2025-05-17,19,58,7,16,1098263,977794,332
3663,2025-08-18,1,17,5,63,1624678,1337429,432
3664,2025-12-20,10,6,6,91,982418,894621,217
3665,2025-05-11,17,97,2,137,1893880,1764429,398
3666,2025-05-23,22,3,4,103,2993086,2432046,449
3667,2025-09-19,18,19,2,91,2440566,2084016,255
3668,2025-05-08,17,48,5,103,1774336,1392893,101
3669,2025-03-07,8,55,1,137,2437789,2280706,309
3670,2025-11-16,17,53,5,150,359078,279991,297
3671,2025-06-08,19,105,8,45,615763,567828,487
3672,2025-05-12,6,78,9,100,823928,649362,210
3673,2025-10-16,20,17,1,99,1798827,1513849,494
3674,2025-08-21,19,75,7,46,843326,805616,193
3675,2025-11-09,19,117,10,40,2516199,2416575,308
3676,2025-10-08,8,28,6,142,2052609,1947899,204
3677,2025-10-12,17,60,12,127,1941378,1728817,190
3678,2025-08-11,1,39,2,64,1118737,974189,25
3679,2025-09-25,28,104,5,64,451166,372345,308
3680,2025-09-28,24,25,10,22,699101,683678,206
3681,2025-01-06,1,1,2,75,1297767,988151,337
3682,2025-12-24,15,120,7,38,2637632,2417671,483
3683,2025-02-04,26,40,12,59,191581,182052,374
3684,2025-10-16,3,28,5,31,119972,95611,415
3685,2025-10-22,16,42,3,140,2021647,1577796,302
3686,2025-11-10,18,56,11,84,2865895,2402368,81
3687,2025-12-08,23,18,5,3,1432050,1278605,363
3688,2025-11-29,5,8,9,47,1029505,851886,118
3689,2025-01-16,19,120,8,110,1845611,1642566,409
3690,2025-02-22,20,34,9,103,574717,552036,291
3691,2025-10-07,27,5,11,95,1737361,1516382,450
3692,2025-01-03,3,61,11,94,1081819,967609,1
3693,2025-08-18,20,53,7,26,2257010,1916294,170
3694,2025-09-03,5,97,11,75,78217,64232,407
3695,2025-06-07,16,33,2,42,1383736,1109581,37
3696,2025-12-03,7,62,11,81,1747452,1349547,26
3697,2025-09-12,16,64,4,44,357335,308793,496
3698,2025-06-29,2,29,7,23,2464236,2279942,91
3699,2025-01-24,5,89,6,150,2556600,2342136,302
3700,2025-04-12,17,62,4,54,1977793,1501683,152
3701,2025-04-05,26,38,5,71,1931371,1575845,311
3702,2025-01-01,25,35,8,111,157679,134358,490
3703,2025-10-01,14,111,3,58,1372100,1340380,472
3704,2025-01-03,23,108,8,106,1397851,1072892,387
3705,2025-11-08,3,101,8,9,2935937,2578320,399
3706,2025-07-02,3,62,12,62,2807377,2213014,275
3707,2025-10-31,12,11,5,91,1658627,1317438,130
3708,2025-01-19,20,105,2,143,1534858,1330788,176
3709,2025-06-27,18,95,2,25,1396207,1334627,231
3710,2025-05-14,9,92,10,101,2856311,2382510,308
3711,2025-12-08,4,118,7,13,2762089,2384059,242
3712,2025-01-02,2,37,1,63,102854,94098,163
3713,2025-06-09,4,70,5,5,1092890,971543,403
3714,2025-12-31,18,20,3,21,2313362,1747862,107
3715,2025-10-29,13,51,3,11,1050540,912037,468
3716,2025-10-06,18,52,11,72,2685457,2614516,380
3717,2025-01-11,22,57,9,139,102208,80218,164
3718,2025-03-22,20,90,6,33,2313914,1885773,223
3719,2025-12-30,20,27,4,61,1486741,1361544,67
3720,2025-04-13,2,120,4,120,1308211,1060486,10
3721,2025-09-15,17,116,1,111,2094228,1591176,368
3722,2025-11-06,18,62,1,44,222076,216564,366
3723,2025-03-02,20,90,10,33,3245893,3060851,421
3724,2025-12-21,21,114,5,57,380766,293620,348
3725,2025-03-16,26,50,7,36,635173,525361,141
3726,2025-10-11,11,72,1,88,733710,685342,123
3727,2025-04-06,22,16,2,104,185679,151869,232
3728,2025-12-17,22,21,3,5,1365079,1094731,463
3729,2025-08-29,22,1,8,123,1193521,994886,142
3730,2025-06-01,16,93,12,15,2280625,2066579,347
3731,2025-03-12,21,115,4,29,2675962,2469015,148
3732,2025-07-19,24,10,10,147,1471694,1350595,295
3733,2025-05-20,14,113,8,100,1762006,1375108,208
3734,2025-04-03,8,42,12,148,1626751,1565349,186
3735,2025-04-29,1,18,12,99,359004,330344,154
3736,2025-01-09,5,48,8,143,1930828,1450757,464
3737,2025-07-18,17,52,1,85,267406,224748,21
3738,2025-07-22,13,31,7,3,1605938,1220711,374
3739,2025-09-29,21,12,11,110,1165608,1098709,319
3740,2025-10-07,19,16,1,56,2510553,1908207,60
3741,2025-03-26,2,104,12,85,3822778,2892416,186
3742,2025-03-11,1,78,5,121,998246,906775,392
3743,2025-08-24,25,48,10,120,2969712,2635366,118
3744,2025-02-27,19,84,3,101,224734,171111,366
3745,2025-10-01,14,6,3,119,1513044,1453979,485
3746,2025-09-10,10,85,6,66,1196531,1167504,302
3747,2025-03-12,2,41,5,200,3622427,2951367,146
3748,2025-06-18,8,66,2,32,2388064,1799995,287
3749,2025-03-03,23,71,10,140,2112646,1890242,271
3750,2025-04-19,10,114,5,85,1719907,1677736,80
3751,2025-03-27,20,102,11,133,947326,737370,315
3752,2025-09-11,2,41,12,105,1643358,1237081,496
3753,2025-07-29,4,104,7,36,1348543,1179442,15
3754,2025-08-18,1,38,8,40,1818315,1740879,207
3755,2025-01-09,5,26,6,17,1584999,1372470,13
3756,2025-02-06,12,26,11,2,334590,284896,347
3757,2025-11-22,3,55,8,25,1375540,1165559,177
3758,2025-09-27,15,74,1,96,590849,467494,154
3759,2025-02-08,7,32,10,84,1340129,1141438,135
3760,2025-01-29,23,49,5,94,946717,731175,415
3761,2025-06-13,23,118,8,150,278229,229105,235
3762,2025-03-05,19,120,12,29,3845627,3708927,326
3763,2025-10-22,18,51,7,77,1747081,1543667,219
3764,2025-06-19,13,114,2,142,1035877,823321,165
3765,2025-11-07,16,34,11,144,1979405,1664832,488
3766,2025-01-04,12,88,8,13,829030,806837,381
3767,2025-12-22,16,109,8,23,2323568,1884489,438
3768,2025-01-04,26,83,2,145,828498,652613,308
3769,2025-07-04,14,63,4,56,845465,799447,73
3770,2025-12-20,23,78,12,123,942134,876948,68
3771,2025-04-18,19,111,7,75,1136644,862918,444
3772,2025-10-15,5,42,4,42,1705840,1646131,458
3773,2025-08-24,13,80,10,48,1133335,893099,242
3774,2025-05-02,20,120,12,41,988829,905583,444
3775,2025-06-23,21,19,1,35,1049496,952714,11
3776,2025-10-22,4,33,12,1,323714,274300,96
3777,2025-04-27,25,103,3,133,1219792,997139,108
3778,2025-06-02,16,85,2,135,676422,645695,4
3779,2025-12-11,16,43,6,22,1426804,1346661,353
3780,2025-06-25,5,115,7,15,1906254,1571572,291
3781,2025-12-20,20,80,2,52,2361540,2292256,63
3782,2025-01-16,1,92,7,73,1081190,863970,79
3783,2025-04-05,25,98,7,39,588049,507683,239
3784,2025-08-28,7,27,2,107,2173291,1979789,17
3785,2025-07-23,13,119,5,123,168602,162341,226
3786,2025-01-02,7,72,6,14,1048412,877566,17
3787,2025-06-21,20,41,3,129,1326056,1035799,147
3788,2025-02-13,24,106,1,122,1297852,1190678,67
3789,2025-09-11,9,3,11,112,2034924,1891960,187
3790,2025-09-17,6,55,8,108,627639,524321,474
3791,2025-01-02,27,119,7,41,107853,101795,125
3792,2025-12-28,13,25,9,92,2710416,2560796,414
3793,2025-07-26,26,34,7,19,1235832,1089936,136
3794,2025-06-11,20,63,11,54,488251,424888,111
3795,2025-10-28,23,99,10,125,2458853,2318422,362
3796,2025-05-23,27,77,2,66,2561306,2459355,259
3797,2025-08-07,2,76,12,81,1365261,1028406,144
3798,2025-11-02,23,103,11,54,649460,610112,396
3799,2025-08-12,10,28,3,34,982946,957716,131
3800,2025-07-15,4,17,2,41,2348699,2077932,478
3801,2025-10-01,26,84,2,27,1432208,1277044,287
3802,2025-06-23,8,33,1,2,2985187,2289172,350
3803,2025-08-19,14,95,12,42,626593,601035,418
3804,2025-10-30,17,91,5,128,1309009,1033729,455
3805,2025-11-23,6,44,7,119,2163995,1969450,32
3806,2025-09-20,25,65,9,37,590091,470395,269
3807,2025-11-26,18,84,8,15,1433397,1291735,497
3808,2025-05-29,3,50,9,13,1662372,1513475,374
3809,2025-04-13,23,93,5,148,2744562,2292032,156
3810,2025-08-28,24,74,10,138,1186734,996886,385
3811,2025-12-14,11,66,7,114,2665283,2164071,396
3812,2025-07-18,7,114,11,139,1062680,1034354,438
3813,2025-11-14,28,118,8,40,894441,752084,61
3814,2025-01-26,27,70,1,147,640175,541557,196
3815,2025-07-25,5,1,2,108,1403298,1167481,163
3816,2025-08-19,22,65,7,72,1436401,1242243,474
3817,2025-09-25,13,42,6,92,2120025,1761687,494
3818,2025-03-30,9,61,7,99,103593,77857,197
3819,2025-09-26,15,44,9,107,2276984,2155944,149
3820,2025-12-16,2,46,2,107,1654801,1375416,166
3821,2025-02-24,5,23,5,78,1140569,873451,262
3822,2025-10-29,20,61,5,2,652806,609972,426
3823,2025-04-14,7,68,7,137,1835937,1384126,397
3824,2025-04-30,27,41,8,11,316434,270268,490
3825,2025-05-06,14,25,1,77,1173155,921387,108
3826,2025-09-20,21,53,1,45,239675,223708,170
3827,2025-01-25,18,79,12,137,986750,746961,311
3828,2025-05-23,24,9,4,69,2851683,2518118,298
3829,2025-08-10,21,9,10,122,2551384,2198022,432
3830,2025-10-22,16,18,5,87,691126,606604,56
3831,2025-04-18,12,50,10,70,2258832,1700972,162
3832,2025-01-22,15,27,6,97,2949529,2546012,260
3833,2025-01-08,19,42,8,58,2453492,1981880,9
3834,2025-06-22,19,107,11,141,239403,187280,221
3835,2025-01-01,6,92,10,65,1183572,927733,446
3836,2025-01-23,26,30,2,91,2274852,2020311,390
3837,2025-03-13,11,67,5,7,2821887,2240516,159
3838,2025-03-20,2,30,2,203,2653799,2396240,241
3839,2025-05-27,18,56,8,93,2607109,2174378,485
3840,2025-02-28,22,40,2,132,1834092,1686809,465
3841,2025-12-18,17,93,3,52,65491,56662,386
3842,2025-03-08,27,78,6,187,2397857,2182424,412
3843,2025-05-22,4,74,7,41,1076315,967329,112
3844,2025-03-28,14,4,12,130,3291604,2753924,318
3845,2025-05-24,6,59,7,124,1276983,1230323,107
3846,2025-02-20,28,57,4,1,1660399,1399146,431
3847,2025-10-30,7,85,11,23,1608311,1240365,415
3848,2025-09-29,26,98,2,120,2318625,2005958,150
3849,2025-03-17,13,106,6,123,3376692,2775148,318
3850,2025-10-08,19,108,1,108,690732,555473,235
3851,2025-03-15,8,84,8,43,2714230,2425639,484
3852,2025-10-24,1,20,3,59,2027724,1837607,293
3853,2025-01-29,2,91,7,81,1193923,1135148,365
3854,2025-10-05,21,82,8,15,2864792,2734076,143
3855,2025-08-27,15,75,6,67,346123,309516,227
3856,2025-08-04,16,41,6,52,2538683,2210459,419
3857,2025-10-06,18,80,11,11,1947641,1796227,236
3858,2025-09-21,3,46,10,17,1393878,1203816,29
3859,2025-10-13,19,39,6,131,2602336,2407900,321
3860,2025-07-19,6,52,9,54,2170337,1759323,262
3861,2025-08-15,14,27,9,6,702443,681848,350
3862,2025-09-03,13,11,3,61,2540065,2138237,55
3863,2025-04-03,4,120,11,8,2700946,2553573,377
3864,2025-02-15,18,113,9,26,698801,673316,331
3865,2025-10-04,17,83,7,26,2192213,2030896,417
3866,2025-01-14,21,106,8,2,1735229,1456283,389
3867,2025-11-02,2,112,2,13,1957072,1731639,112
3868,2025-09-04,25,19,10,143,653889,548712,310
3869,2025-04-29,8,36,12,131,2829790,2727437,223
3870,2025-12-05,10,78,8,12,1067581,975966,22
3871,2025-08-04,16,42,8,131,2626072,2219467,265
3872,2025-04-26,7,44,6,115,105657,98692,226
3873,2025-05-01,24,13,3,56,470059,387454,174
3874,2025-11-20,2,88,6,113,2885849,2765121,183
3875,2025-03-07,21,12,9,172,3698132,3286921,449
3876,2025-04-24,17,36,12,72,1154811,877984,188
3877,2025-09-18,18,27,2,20,1355952,1036889,454
3878,2025-09-05,2,84,12,27,689146,665251,500
3879,2025-11-28,26,42,1,51,1730222,1510870,227
3880,2025-02-28,11,81,7,137,2573882,1974602,19
3881,2025-10-26,21,57,8,115,2305389,1757376,451
3882,2025-03-14,8,82,5,96,2167254,1837963,149
3883,2025-05-15,14,61,10,76,153765,147682,118
3884,2025-08-05,24,110,7,77,140802,107751,111
3885,2025-03-10,20,41,8,78,2997845,2597294,106
3886,2025-03-02,12,75,8,131,2730061,2491115,82
3887,2025-11-04,23,86,3,113,1029459,796827,201
3888,2025-10-14,25,96,4,10,623382,548535,45
3889,2025-06-19,18,48,12,78,2744978,2162070,420
3890,2025-04-27,8,23,5,24,1626702,1539744,377
3891,2025-07-10,3,71,6,66,2304623,1859625,221
3892,2025-07-19,1,60,4,77,1273214,1187632,433
3893,2025-08-30,23,33,7,46,563096,467052,323
3894,2025-10-21,12,70,5,22,2680296,2310476,379
3895,2025-11-09,4,55,2,114,62320,51565,485
3896,2025-03-24,6,10,9,35,2445171,2151371,36
3897,2025-11-27,27,37,2,59,1307669,1232724,341
3898,2025-09-03,13,90,1,66,2409097,1919522,249
3899,2025-08-19,10,4,12,33,2530894,2369888,440
3900,2025-03-06,18,52,5,86,1251934,1160855,14
3901,2025-03-19,14,110,11,125,243636,214955,330
3902,2025-10-27,13,91,3,30,2389709,2281835,212
3903,2025-07-13,15,59,2,97,1792682,1515154,487
3904,2025-02-09,1,18,6,101,1058773,861749,415
3905,2025-01-17,5,102,3,35,2902333,2643323,112
3906,2025-05-18,20,76,9,11,353543,338311,106
3907,2025-08-13,14,71,4,108,2097752,1746083,379
3908,2025-01-09,4,61,8,19,1423206,1116413,155
3909,2025-05-22,27,52,2,71,1282142,969539,84
3910,2025-04-19,8,100,6,17,1970660,1615804,202
3911,2025-07-04,14,113,5,36,1630808,1528259,56
3912,2025-10-09,13,32,8,33,1642199,1314059,290
3913,2025-10-27,26,97,6,98,2618342,2345385,182
3914,2025-10-26,25,21,11,47,2088295,1895380,192
3915,2025-05-15,26,12,5,12,160418,128295,439
3916,2025-10-08,11,1,3,86,1489799,1139123,369
3917,2025-04-17,27,120,5,74,2916160,2358701,281
3918,2025-07-24,16,19,3,137,2297910,1844301,0
3919,2025-06-03,16,97,4,60,327263,264467,184
3920,2025-05-22,13,94,12,22,1617794,1468838,149
3921,2025-10-25,27,26,3,92,439210,340969,356
3922,2025-10-29,15,68,9,120,2523152,2370493,109
3923,2025-02-02,5,112,12,3,1264306,952290,164
3924,2025-05-27,8,57,8,112,1832268,1414134,99
3925,2025-01-27,23,68,6,129,266418,203476,370
3926,2025-12-23,18,62,4,22,1358706,1083445,43
3927,2025-06-16,3,9,5,59,1866696,1606698,211
3928,2025-03-29,21,14,1,175,3290824,2526864,233
3929,2025-02-19,2,79,11,104,2696026,2347258,216
3930,2025-06-04,5,43,8,14,1755178,1575680,333
3931,2025-01-02,5,111,7,149,2803752,2230446,473
3932,2025-02-06,12,34,3,51,101327,85416,27
3933,2025-04-05,7,7,3,129,1860837,1769812,500
3934,2025-11-28,23,43,12,5,2882330,2378156,425
3935,2025-03-12,6,37,12,35,632760,516669,78
3936,2025-01-14,13,53,8,10,482419,396769,131
3937,2025-06-13,24,76,10,37,130083,100417,440
3938,2025-07-25,14,115,4,53,2228130,1743176,69
3939,2025-03-11,9,5,1,114,1432939,1361125,300
3940,2025-03-08,6,86,3,18,2256966,1888831,335
3941,2025-01-15,4,85,12,12,366777,284688,106
3942,2025-05-12,18,40,4,58,2465399,1906336,116
3943,2025-11-25,6,47,3,133,1638938,1589330,59
3944,2025-04-20,6,32,12,66,1457336,1372013,210
3945,2025-12-14,10,43,3,56,1326239,1051315,204
3946,2025-06-02,25,103,5,114,1845987,1721201,88
3947,2025-05-16,19,66,7,110,860870,698641,381
3948,2025-01-28,24,104,10,92,1088162,925559,232
3949,2025-11-22,22,61,11,63,1210680,1092312,281
3950,2025-11-23,21,47,3,121,1023302,851314,427
3951,2025-02-17,11,89,3,99,1745690,1458197,170
3952,2025-10-16,28,9,5,125,1686142,1637077,189
3953,2025-05-07,28,82,9,16,2648742,2544668,213
3954,2025-06-03,4,35,8,95,969288,782524,434
3955,2025-10-25,23,48,3,74,1901917,1766528,485
3956,2025-05-19,25,51,7,82,2847279,2288257,106
3957,2025-10-15,19,90,12,105,583858,540205,450
3958,2025-10-23,18,114,6,64,696325,568630,449
3959,2025-12-29,25,50,8,39,1299106,1005182,243
3960,2025-02-11,6,83,8,108,874246,805475,280
3961,2025-04-25,11,35,4,74,1773121,1553540,256
3962,2025-08-08,8,86,10,7,1782074,1658223,201
3963,2025-10-03,5,38,10,121,2525636,2265370,315
3964,2025-11-08,25,114,9,20,1791812,1383497,440
3965,2025-04-25,22,65,2,26,1701093,1626747,263
3966,2025-12-02,7,89,8,23,172586,139158,254
3967,2025-04-17,16,17,7,16,2027741,1843136,396
3968,2025-01-03,4,36,9,109,2071543,2010542,462
3969,2025-12-31,1,72,3,99,1203846,1061772,60
3970,2025-03-09,4,37,7,71,3547138,3287094,400
3971,2025-08-15,13,24,6,72,654608,603674,425
3972,2025-11-21,6,50,12,76,1494823,1379198,105
3973,2025-04-08,20,14,8,36,2504000,2373622,301
3974,2025-11-19,10,2,4,102,2451899,1986824,433
3975,2025-12-07,3,86,2,47,2742873,2318085,466
3976,2025-07-16,23,38,10,118,420907,375742,231
3977,2025-12-11,1,53,11,141,990347,792518,112
3978,2025-11-04,4,5,2,100,500619,395016,402
3979,2025-10-20,1,15,7,64,2431049,2159684,374
3980,2025-10-27,2,98,2,50,999680,803016,497
3981,2025-05-20,7,61,11,108,2071785,1866806,105
3982,2025-12-18,9,69,2,73,241220,226715,279
3983,2025-12-20,9,12,12,16,348461,330670,252
3984,2025-11-04,7,5,2,65,2333395,1798959,205
3985,2025-01-06,10,75,11,22,154502,117566,159
3986,2025-12-02,6,115,1,39,2271457,1997107,451
3987,2025-08-02,28,54,2,104,2332922,2285862,382
3988,2025-02-07,20,78,1,64,1274644,998310,488
3989,2025-04-13,9,65,12,85,1318204,1156472,454
3990,2025-03-21,2,27,6,71,508563,431188,356
3991,2025-09-02,19,86,2,125,2531678,1956806,471
3992,2025-10-06,13,8,2,83,2065582,1596163,359
3993,2025-02-14,26,64,2,53,617202,574009,50
3994,2025-10-26,22,40,1,35,1322782,1267792,342
3995,2025-01-03,6,120,9,143,2798127,2155399,47
3996,2025-03-03,5,108,9,165,3781124,3095935,69
3997,2025-09-06,23,10,10,55,1879302,1615411,261
3998,2025-07-08,16,49,5,110,836525,743833,122
3999,2025-10-11,26,11,1,128,1315276,1172401,56
4000,2025-12-03,13,16,10,74,760176,613755,77
